BLOCO;ANDAR;SALA;HORÁRIO;SESSÃO;TRABALHOS;;;
Bloco A |;3º andar |;Lab. Informática 313;1º Horário;SESSÃO 029;E agora virou pó: O museu nacional em chamas;;;
;;;;;Família e a busca pela identidade;;;
;;;;;Lampião, lá do sertão - a aprendizagem mediada pela arte;;;
;;;;;Praticas e estrategias pedagógicas para formar crianças que respeita a diversidade...;;;
;;;2º Horário;SESSÃO 164;Bio MasterChef;;;
;;;;;Caracterização e Gravimetria de Resíduos: uma prática de mão na massa em Diadema – SP;;;
;;;;;Etnobotânica: extração de pigmentos naturais.;;;
;;;;;Metodologias ativas: Uma proposta de Biologia para o Ensino Médio;;;
;;;3º Horário;SESSÃO 225;Comunicação e Ação;;;
;;;;;DIVERSIDADE CULTURAL – ÁFRICA: PATRIMÔNIO MATERIAL E IMATERIAL BRASILEIRO;;;
;;;;;Projeto Recrio;;;
Bloco A |;3º andar |;Lab. TE 310;1º Horário;SESSÃO 031;A HISTÓRIA DA MONARQUIA NO BRASIL;;;
;;;;;Projeto Jack visita o Saci;;;
;;;;;Taboão da Serra: história e memória na escola;;;
;;;;;Uma leitura kafkiana dos corpos escolarizados;;;
;;;2º Horário;SESSÃO 142;Aula maker como estratégia de ensino para o currículo de Ciências Naturais.;;;
;;;;;Deficiência e Mobilidade Urbana: desenvolvimento de ações para o alcance de equidade social;;;
;;;;;Frankenstein e as próteses modernas;;;
;;;;;Verminoses;;;
;;;3º Horário;SESSÃO 227;A QUADRA TAMBÉM É SALA DE AULA! APRENDIZAGENS SIGNIFICATIVAS COM AULAS DE EDUCAÇÃO FÍSICA;;;
;;;;;Futebol e sua representação social;;;
;;;;;FUTEBOL E TECNOLOGIA: EM CONSTRUÇÃO;;;
;;;;;Golfe Coletivo;;;
Bloco A |;3º andar |;Lab. TE 311;1º Horário;SESSÃO 032;Animais híbridos e onde habitam.;;;
;;;;;Dá pra fazer com tecnologia!;;;
;;;;;I-Mindfulness: uma estratégia digital de concentração;;;
;;;;;Xadrez e Fabricação Digital;;;
;;;2º Horário;SESSÃO 140;Avaliações adaptadas de Química e Física (9ºano) para aluno com desenvolvimento atípico;;;
;;;;;Microscópio Caseiro - aplicando conceitos estudados;;;
;;;;;Uso do aplicativo PLICKERS como ferramenta pedagógica.;;;
;;;3º Horário;SESSÃO 228;A realidade dos refugiados em sala de aula;;;
;;;;;Brasil Regiões - o estudo dinâmico da Geografia.;;;
;;;;;JUNIOR - WORLD CUP ALBUM;;;
;;;;;LUDICIDADE COMO RECURSO PEDAGÓGICO MULTIDISCIPLINAR - ÁLBUM DE FIGURINHAS;;;
Bloco A |;3º andar |;Lab. TE 312;1º Horário;SESSÃO 074;A IMPORTÂNCIA DA AVALIAÇÃO DIAGNÓSTICA NO ENSINO PROFISSIONALIZANTE TÉCNICO DE NIVEL MÉDIO MODULAR N;;;
;;;;;A INFLUÊNCIA DAS COMPETÊNCIAS SOCIOEMOCIONAIS DO DOCENTE NO PROCESSO DE ENSINO E APRENDIZAGEM;;;
;;;;;O USO DE GAMIFICAÇÃO COMO METODOLOGIA NO PROCESSO DE APRENDIZAGEM DE JOVENS E ADULTOS DO ENSINO MÉDI;;;
;;;;;Práticas Pedagógicas para o Ensino Técnico Integrado ao Ensino Médio;;;
;;;2º Horário;SESSÃO 171;Educação Física no Ensino Médio integrado do IFSP: diálogos e tensões;;;
;;;;;Educação Física no Ensino Médio: reformas, resistências e formação da cidadania;;;
;;;;;Treinamento Funcional na Escola;;;
;;;3º Horário;SESSÃO 237;A produção de legendas para compor um guia do bairro: uma proposta bilíngue;;;
;;;;;Indicações de leitura: conhecer o outro e a si mesmo;;;
;;;;;O jornal como ferramenta pedagógica;;;
;;;;;Uma proposta de ensino-aprendizagem: os gêneros textuais como base para as práticas de Língua Portug;;;
Bloco A |;3º andar |;Lab. TE 318;1º Horário;SESSÃO 069;Biotecnologia e Nanotecnologia como inspiração para a construção de objetos eletrônicos;;;
;;;;;Elaboração de jogos educativos sobre relações ecológicas por alunos do Ensino Médio;;;
;;;;;O uso de animações como instrumento para aula invertida;;;
;;;;;REVISTA BIOÉTICA: UMA PROPOSTA INTERDISCIPLINAR, VALORIZANDO COMPETÊNCIAS E GÊNEROS DO DISCURSO;;;
;;;2º Horário;SESSÃO 132;“Poesia que transforma”;;;
;;;;;Animassombra: animação de contos de assombração de autoria;;;
;;;;;Mapas Conceituais nas séries iniciais;;;
;;;;;Releituras e outras linguagens: além da escrita;;;
;;;3º Horário;SESSÃO 278;Carnaval literário;;;
;;;;;"Memórias vívidas de Brás Cubas: tradição, inovação e apropriação... diálogos.	";;;
;;;;;Metodologias Ativas e leitura transposição de gênero na obra Morte e Vida Severina.;;;
;;;;;Projeto PACKS (Pacote de Atividades Culturais);;;
Bloco A |;3º andar |;Lab. TE 319;1º Horário;SESSÃO 098;O Esperanto como Facilitador da Aprendizagem de Língua Inglesa;;;
;;;;;O impacto do Programa Paraná Fala Inglês na Universidade Estadual do Norte do Paraná;;;
;;;;;SHATTERED BARRIERS: O USO DE METODOLOGIAS ATIVAS NA QUEBRA DE BARREIRAS DA LINGUAGEM.;;;
;;;2º Horário;SESSÃO 133;Apreender com Solidariedade;;;
;;;;;CATEGORIA FEMININA EM XEQUE;;;
;;;;;Vivenciando o sistema monetário;;;
;;;3º Horário;SESSÃO 282;AVALIAR OU EXAMINAR: A oralidade como eixo demonstrativo de competências e habilidades;;;
;;;;;COC Debate - Crise penitenciária e violência urbana;;;
;;;;;ESTRATÉGIAS, METODOLOGIA E REFLEXÕES NO ENSINO DE CIÊNCIAS HUMANAS: O CASO DO PROJETO VIDA E OBRA;;;
Bloco A |;3º andar |;Lab. TE 320;1º Horário;SESSÃO 036;“HISTÓRIA, TEMPO E ARTE: AS MEMÓRIAS E A (RE)CONSTRUÇÃO DO EU”;;;
;;;;;Literatura e acolhimento: uma experiência com crianças imigrantes em São Paulo;;;
;;;;;Recoloring my world/Recolorindo meu mundo;;;
;;;;;Você é especial – Desenvolvendo as habilidades socioemocionais e combate ao bullying;;;
;;;2º Horário;SESSÃO 134;“Bazar das Estrelas”;;;
;;;;;Materiais Concretos na Investigação Matemática;;;
;;;;;Olímpiadas de Matemática;;;
;;;;;Trabalho com Sequências Pictóricas no 2o ano do EF1;;;
;;;3º Horário;SESSÃO 215;BRINCANDO, DESCOBRINDO E INVENTANDO MÚSICA;;;
;;;;;O diálogo entre artes visuais e música;;;
;;;;;Quando Rubem Alves virou canção;;;
Bloco A |;3º andar |;Lab. TE 321;1º Horário;SESSÃO 076;Apoio Pedagógico - práticas pedagógicas integradas;;;
;;;;;Clubes Ted-Ed;;;
;;;;;Simulação de Entrevista de Emprego;;;
;;;2º Horário;SESSÃO 186;Debate eleitoral: Diálogo sobre a sociedade – um exercício de política;;;
;;;;;Itinerário Formativo: Jogo da Política;;;
;;;;;Metodologias Ativas no Ensino da Sociologia;;;
;;;;;Que país é esse? O musical;;;
;;;3º Horário;SESSÃO 262;Ler por prazer: metodologias ativas aplicadas aos projetos de leitura no ensino fundamental II;;;
;;;;;O Cordel Digital: a intermidialidade como propagação de cultura;;;
;;;;;Projeto Leitura Digital;;;
;;;;;Projeto Li e Gostei;;;
Bloco A |;5º andar |;Sala 501;1º Horário;SESSÃO 017;Atendimento a pais na escola de educação infantil - Escutar ou orientar?;;;
;;;;;"Multiculturalismo na Educação Infantil: ""O índio mora na Índia?""";;;
;;;;;Quem come bem, cresce bem.;;;
;;;;;Superamigos S.A.;;;
;;;2º Horário;SESSÃO 173;ESTUDO DO MEIO - BERTIOGA - Litoral Norte - Características dos diferentes ecossistemas.;;;
;;;;;O TRABALHO DE CAMPO COMO FERRAMENTA DO PROCESSO DE ENSINO-APRENDIZAGEM SIGNIFICATIVA;;;
;;;;;O uso do sensoriamento remoto na analise urbana: o caso do município de Taboao Da Serra;;;
;;;3º Horário;SESSÃO 257;A brave new world: motivando o aluno de escola pública através do universo adolescente;;;
;;;;;A história dos videoclipes;;;
;;;;;Curtas: entre a Língua Inglesa e a Linguagem Afetiva;;;
;;;;;English Day!;;;
Bloco A |;5º andar |;Sala 502;1º Horário;SESSÃO 072;A UTILIZAÇÃO DE BOARDGAMES PARA O TREINAMENTO DE HABILIDADES SOCIOEMOCIONAIS EM ADOLESCENTES COM TEA;;;
;;;;;"Aula em tempos de ""youtubers"" - Uma nova linguagem em sala de aula- produção de Videos e power Point";;;
;;;;;O Papel da Escola em Tempos de Pós-Verdade;;;
;;;;;PerfuMaker RB: O universo dos perfumes investigado pelas Ciências da Natureza;;;
;;;2º Horário;SESSÃO 194;A arte como mediação no componente curricular: O papel do arte - educador na interdisciplinaridade.;;;
;;;;;A ARTE ORIENTAL;;;
;;;;;Arte como um processo de aprendizagem e um fio condutor para extensão Familiar;;;
;;;;;Sociologia e Teatro;;;
;;;3º Horário;SESSÃO 260;#FalaPrefeito;;;
;;;;;Mulheres de Hoje, Mulheres de sempre;;;
;;;;;Projeto Eleições;;;
;;;;;Telejornal – A voz do CCA;;;
Bloco A |;5º andar |;Sala 503;1º Horário;SESSÃO 030;Atividades de Aventura na Escola : Utopia ou Realidade ?;;;
;;;;;Eporte Paralímpico na escola.;;;
;;;;;Lutas nas aulas de Educação Física;;;
;;;;;Práticas Inclusivas nas aulas de Educação Física;;;
;;;2º Horário;SESSÃO 160;Atividades matemáticas com rotação de estações;;;
;;;;;Gamificando uma lista de exercícios;;;
;;;;;JogAção;;;
;;;;;Uma experiência com projeto de matemática com temas transversais nas aulas de substituições;;;
;;;3º Horário;SESSÃO 268;A importância do lúdico para reconhecer os fenômenos relacionados com a ação dos genes;;;
;;;;;Avaliação de índice fotomicrográfico em antibiótico aplicado a partir da divisão celular bacteriana;;;
;;;;;ESTUDO DE GENÉTICA A PARTIR DA HERANÇA FAMILIAR;;;
;;;;;Metodologias Ativas para Ensino Médio: Experimentação e Projeção Holográfica de um DNA II;;;
Bloco A |;5º andar |;Sala 504;1º Horário;SESSÃO 068;Introdução ao xadrez para o Fundamental II;;;
;;;;;Logic SEB;;;
;;;;;OLGA NO PAÍS DOS NÚMEROS;;;
;;;;;Socioemocional integrado à Língua Portuguesa e Matemática (a prática na sala de aula);;;
;;;2º Horário;SESSÃO 102;Processo de Adaptação Escolar na Educação Infantil;;;
;;;;;Projeto Cultural Abayomi Vai Passear Com Os Amigos;;;
;;;;;Que roupa é essa?;;;
;;;;;SACOLA LITERÁRIA-LÊ PRA MIM?;;;
;;;3º Horário;SESSÃO 266;Cartão postal - Protagonismo em diversas realidades.;;;
;;;;;Cinema na Escola;;;
;;;;;Editoração e produção gráfica;;;
;;;;;O cinema como janela para o mundo contemporâneo;;;
Bloco A |;5º andar |;Sala 505;1º Horário;SESSÃO 070;DESAFIO DO CONHECIMENTO;;;
;;;;;Qualificando para o futuro;;;
;;;;;Usando as práticas antigas para despertar a criatividade.;;;
;;;2º Horário;SESSÃO 166;1? encontro de empreendedor universitário;;;
;;;;;METODOLOGIA DO PROTAGONISMO COMO PROCESSO DE ENSINO E APRENDIZAGEM;;;
;;;;;Práticas e jogos como suporte do conhecimento;;;
;;;;;VISITANDO UM MERCADO PET: INTERDISCIPLINARIDADE, GESTÃO DE NEGÓCIOS E OS CUIDADOS COM OS ANIMAIS;;;
;;;3º Horário;SESSÃO 201;“Tudo sobre mim”;;;
;;;;;A cobra: nossa mascote.;;;
;;;;;Borboletário: várias fases registradas pelo olhar infantil;;;
;;;;;Olhar Científico na Educação Infantil;;;
Bloco A |;5º andar |;Sala 506;1º Horário;SESSÃO 066;A Etnomatemática das Mandalas: um olhar para a alteridade.;;;
;;;;;MACKCOFRE – UM COFRE SOLIDÁRIO;;;
;;;;;Mensagens Secretas;;;
;;;2º Horário;SESSÃO 178;Balcão de redação Crescimento: uma metodologia ativa para disciplina de Produção Textual;;;
;;;;;Machado & Memes: ferramentas audiovisuais a serviço do ensino de Literatura.;;;
;;;;;Música e teatro no Ensino Médio: uma proposta para o ensino do Trovadorismo;;;
;;;;;OS CONTOS FANTÁSTICOS: uma releitura dos contos para a prática da leitura e da produção textual;;;
;;;3º Horário;SESSÃO 202;As Aventuras de Pandinha: Possibilidades pedagógicas em um curriculo flexível.;;;
;;;;;DIREITO A SAÚDE E DEVER DE CUIDAR DO CORPO;;;
;;;;;O Catálogo de Brinquedos;;;
;;;;;Sala de Criação;;;
Bloco A |;5º andar |;Sala 507;1º Horário;SESSÃO 007;“O DIREITO DE BRINCAR: ENSINAR – APRENDER – SER FELIZ!”.;;;
;;;;;Conhecendo criações e construções;;;
;;;;;Projeto cidade;;;
;;;2º Horário;SESSÃO 159;“Conte um Conto”;;;
;;;;;Aplicabilidade da Sintaxe no gênero Crônica;;;
;;;;;Da tradição oral à tecnologia: o conto popular e a produção audiovisual como ferramenta de ensino.;;;
;;;;;JORNAL MURAL - A VOZ DO CCA.;;;
;;;3º Horário;SESSÃO 265;Cookies e proporção;;;
;;;;;De polígonos a poliedros;;;
;;;;;OFICINA DE GRÁFICOS;;;
;;;;;Utilização de Ambientes Virtuais de Aprendizagem(AVA) para o ensino de estatística.;;;
Bloco A |;5º andar |;Sala 508;1º Horário;SESSÃO 083;A MATEMÁTICA ASSOCIADA A TEORIA DOS CONJUNTOS PARA RESOLUÇÃO DE SITUAÇÕES PROBLEMAS;;;
;;;;;Feira de Jogos;;;
;;;;;Inequações Produto;;;
;;;;;UTILIZAÇÃO DO AUTOCAD NA APRENDIZAGEM DA MATEMÁTICA: DETERMINAÇÃO DO LOGARITMO NATURAL;;;
;;;2º Horário;SESSÃO 106;Educando com a Horta: Aromas, Cores e Sabores.;;;
;;;;;Projeto - Quem será que mora aí?;;;
;;;;;Rodízio das abelhas: você sabe como uma colmeia educacional funciona?;;;
;;;3º Horário;SESSÃO 264;1ª Jornada de Matemática – DER SVI 2018;;;
;;;;;Estações do conhecimento -Movimento SARESP;;;
;;;;;Metodologias Ativas para o Ensino da Matemática;;;
;;;;;Tema gerador: “Escola Sustentável – Horta Escolar” Questão matriz: Como aumentar a produção da horta;;;
Bloco A |;5º andar |;Sala 509;1º Horário;SESSÃO 073;“Vivência na Prática” - Hackathon no Ensino Técnico;;;
;;;;;A experiência pioneira do Centro Paula Souza na implantação do Novo Ensino Médio;;;
;;;;;A teoria das estratégias de marketing e a aplicação de casos reais e fictícios preparatórios;;;
;;;;;Produção de plastico ecológico utilizando goma de mascar;;;
;;;2º Horário;SESSÃO 181;Estudo com o ciclo trigonométrico;;;
;;;;;Folhas de acompanhamento multimídia-Potencializando o uso do Powerpoint/Keynote na sala de aula;;;
;;;;;Pimba na Gorduchinha: A arte da matemática no dia-a dia;;;
;;;3º Horário;SESSÃO 277;Além dos movimentos literários: por uma nova abordagem do ensino de literatura;;;
;;;;;Intertextos: leitura e criação de uma HQ;;;
;;;;;Literatura apátrida: Notas sobre o drama dos refugiados, de Édipo Tirano a Incêndios.;;;
;;;;;Primeiramente, a cidade é nossa - produção de comentário crítico;;;
Bloco A |;5º andar |;Sala 510;1º Horário;SESSÃO 093;Competências Socioemocionais – Reflexões a partir da qualificação de professores tutores.;;;
;;;;;Formação Continuada - Trabalho em grupos;;;
;;;;;Sistema de avaliação - Uso de rubricas;;;
;;;;;Uma nova organização da Avaliação Escolar: planejando, elaborando, aplicando e atribuindo notas;;;
;;;2º Horário;SESSÃO 168;A DIVERSIFICAÇÃO METODOLÓGICA NECESSÁRIA PARA UMA APRENDIZAGEM SIGNIFICATIVA NAS AULAS DE QUÍMICA.;;;
;;;;;Iniciação Científica Junior: uma proposta de transformar a metodologia de pesquisa científica;;;
;;;;;Método dos Trezentos;;;
;;;;;Projeto RB Lab: Explorando conceitos de Física e Química através da Iniciação Científica Júnior;;;
;;;3º Horário;SESSÃO 254;Jogo da História: uma proposta de uso do conhecimento histórico;;;
;;;;;Jogos Medievais;;;
;;;;;XADREZ e HISTÓRIA;;;
Bloco B |;1º andar |;Ateliê de Artes;1º Horário;SESSÃO 011;A ATUALIZAÇÃO DA TEMÁTICA “CIRCO” NAS AULAS DE EDUCAÇÃO FÍSICA NA EDUCAÇÃO INFANTIL.;;;
;;;;;Estratégias para estimular a autonomia no 2º ano do Ensino Fundamental I;;;
;;;;;O uso saudável da Tecnologia - Stop Motion;;;
;;;;;Temática Copa do Mundo em parceria com escola e comunidade.;;;
;;;2º Horário;SESSÃO 175;ENERGIAS RENOVÁVEIS SOB JÚRI;;;
;;;;;Ensino investigativo no laboratório de Física - radiotelescópio didático e outras tecnologias;;;
;;;;;O aluno como protagonista na aprendizagem do eletromagnetismo;;;
;;;;;Possibilidades de uma eletiva de Física Quântica e as tecnologias quânticas 2.0;;;
;;;3º Horário;SESSÃO 274;A geografia dos clássicos literários;;;
;;;;;POPULAÇÃO MUNDIAL E FLUXOS MIGRATÓRIOS;;;
;;;;;Projeto questões ambientais globais;;;
;;;;;Utilização do Google Maps para identificação e discussão de elementos urbanos e/ou ambientais;;;
Bloco B |;1º andar |;Lab. Física;1º Horário;SESSÃO 065;A autonomia dos alunos nos trabalhos em grupo realizados nas aulas de língua portuguesa, como fazer?;;;
;;;;;As Trilhas de leitura do Fundamental 2;;;
;;;;;Literatura e Produção Textual: um novo olhar através da tecnologia;;;
;;;;;Livre expressão e desenvolvimento da autonomia;;;
;;;2º Horário;SESSÃO 169;Pirâmide Alimentar na Prática: aprendendo os conceitos iniciais em Nutrição de modo efetivo.;;;
;;;;;PROJETO: DISSEMINANDO A IGUALDADE NO ENSINO FUNDAMENTAL;;;
;;;;;Uso de material referencial teórico e prático para complemento e expansão do aprendizado no ensino;;;
;;;;;Utilização de metodologias ativas de aprendizagem em sala de aula na ETEC de Marília/SP;;;
;;;3º Horário;SESSÃO 210;A turma da janelinha;;;
;;;;;Beyond Body Parts;;;
;;;;;The grouchy ladybug;;;
;;;;;Vivencia Interculturais Ampliadas;;;
Bloco B |;1º andar |;Lab. Química;1º Horário;SESSÃO 075;Aprendizagem Baseada em Problemas e Projetos como caminho de transição na reforma do Ensino Médio;;;
;;;;;Metodologia de Pesquisa;;;
;;;;;O USO DE VÍDEOS COMO METODOLOGIA NOS CURSOS DO EIXO DE TURISMO, HOSPITALIDADE E LAZER;;;
;;;;;Super-Off ANÁLOGOS Cinema em Super 8;;;
;;;2º Horário;SESSÃO 180;A matemática transformando dados em informações no ensino médio;;;
;;;;;Parábolas no cotidiano;;;
;;;;;Possibilidades pedagógicas no uso de projetos interdisciplinares no ensino da Matemática;;;
;;;3º Horário;SESSÃO 211;“Palavras, muitas palavras”- Versos e rimas;;;
;;;;;Doces valores;;;
;;;;;OS CONTOS E A CULTURA RUSSA;;;
Bloco B |;1º andar |;Sala 104;1º Horário;SESSÃO 087;Aprendizagem por projetos: autonomia e protagonismo para uma educação significativa;;;
;;;;;O food truck como modelo inovador de empreendedorismo educacional em tempos de crise;;;
;;;;;Reciclathon - a maratona da reciclagem na escola;;;
;;;;;Teoria e Pratica da Filosofia - Uma aproximação quanto a realidade do corpo discente;;;
;;;2º Horário;SESSÃO 189;Cotidiano Em Questão: O Pensamento Computacional Numa Perspectiva Interdisciplinar;;;
;;;;;Friday For Fun;;;
;;;;;Pequenos Empreendedores;;;
;;;;;Quando compartilho meu conhecimento, aprendo muito mais;;;
;;;3º Horário;SESSÃO 212;“O que há de África em nós? – Miscigenação, cultura e oralidade”;;;
;;;;;A construção do olhar para a curadoria na organização de exposições na escola;;;
;;;;;MINDFULNESS E O BEM ESTAR INFANTIL;;;
;;;;;Um percurso de formação inspirado na poesia do cotidiano;;;
Bloco B |;1º andar |;Sala 105;1º Horário;SESSÃO 080;Criticando e resenhando filme em inglês nos comentários do Youtube - Educação de surdes;;;
;;;;;Ensino de língua inglesa pautado na Abordagem CCS e no Desenho Universal para Aprendizagem;;;
;;;;;Produzindo poemas em inglês por intermédio de músicas;;;
;;;2º Horário;SESSÃO 131;Alfabeto corporal;;;
;;;;;Cartas;;;
;;;;;Musicalidade na Classificação das Palavras quanto ao número de sílabas;;;
;;;;;O espaço da literatura em uma sala de 2º ano dos Anos Iniciais do Ensino Fundamental;;;
;;;3º Horário;SESSÃO 269;ComexWar Conhecimento em jogo de tabuleiro;;;
;;;;;Compartilhando a experiência de Programas de Intercomplentariedade entre duas Redes Públicas de Ensi;;;
;;;;;Gamification na educação para jovens empreededores;;;
;;;;;Roteiro e Animação com os alunos de jogos digitais: A experiência do trabalho prático em grupo;;;
Bloco B |;1º andar |;Sala 106;1º Horário;SESSÃO 005;A BELEZA DA DIVERSIDADE;;;
;;;;;Jardim Sensorial;;;
;;;;;OLHAR, CONHECER E SE APROPRIAR POR MEIO DO BRINCAR;;;
;;;;;Sentindo os Elementos com todos os Sentidos;;;
;;;2º Horário;SESSÃO 105;A aprendizagem criativa e educação maker no Infantil da Escola Lourenço Castanho;;;
;;;;;Desenvolvendo múltiplas habilidades - Uma proposta de oficinas;;;
;;;;;Educação Infantil - como transformar uma pergunta em um projeto? O caso dos aliens;;;
;;;;;Jogos pelo mundo;;;
;;;3º Horário;SESSÃO 209;A brinquedoteca como um espaço de investigação e formação do professor;;;
;;;;;A influência do espaço nas brincadeiras;;;
;;;;;ESPAÇO PREPARADO COMO PROJETO DE RELAÇÕES;;;
;;;;;Reflexões sobre as práticas integradas em Práticas de Linguagem no primeiro ciclo de F1;;;
Bloco B |;2º andar |;Sala 201;1º Horário;SESSÃO 039;Gênios do crime: narrativas de enigma;;;
;;;;;Projeto de Leitura e Escrita de Biografia dentro de uma Proposta Bilíngue;;;
;;;;;Viajantes Literários;;;
;;;2º Horário;SESSÃO 115;“INSCAPE 60” – ENTRANDO NO VALE DOS DINOSSAUROS;;;
;;;;;Metamorfoses da vida: a lição das borboletas;;;
;;;;;O uso de jogos no ensino de Ciências;;;
;;;;;Sustentabilidade - o evento;;;
;;;3º Horário;SESSÃO 213;“A ARTE RESGATANDO BRINCADEIRAS : ALUNO QUE APRENDE”;;;
;;;;;Cultura Indígena e Sustentabilidade;;;
;;;;;Luz, Câmera e Criação.;;;
;;;;;O artista como investigador do mundo! A Arte em suas diferentes linguagens na Ed. Infantil e Fund I;;;
Bloco B |;2º andar |;Sala 205;1º Horário;SESSÃO 018;COR: EMOÇÃO, IMPRESSÃO E EXPRESSÃO;;;
;;;;;Mostra de Artes: Propostas envolvendo o imaginário;;;
;;;;;Nosso amigo ventinho;;;
;;;;;O Corpo na Arte: Movimento e Afetividade;;;
;;;2º Horário;SESSÃO 116;A arte de cultivar: relacionamentos, hortas e ervas aromáticas.;;;
;;;;;Cata óleo;;;
;;;;;Ciências e engenharia (STEM) na resolução de problemas - Água de suja para limpa.;;;
;;;;;O USO CONSCIENTE DA ÁGUA NO SÉCULO XXI - Espaço maker em ação;;;
;;;3º Horário;SESSÃO 214;África;;;
;;;;;Cor da pele de quem?;;;
;;;;;Mas o que são Direitos Humanos? Projeto Linha 5 – Lilás Metrô;;;
;;;;;Protagonistas de todas as cores;;;
Bloco B |;2º andar |;Sala 206;1º Horário;SESSÃO 019;A arte do circo na escola;;;
;;;;;Como podemos usar o cinema para contar uma história?;;;
;;;;;De marchinhas de carnaval a enredo: práticas pedagógicas vivenciadas e refletidas por meio da BNCC;;;
;;;;;Interdisciplinariedade “A escola em tempos de transição: permanência e transformações”;;;
;;;2º Horário;SESSÃO 117;COMER BRINCANDO: PROJETO DE EDUCAÇÃO ALIMENTAR BASEADO EM JOGOS E BRINCADEIRAS EM ESCOLA PÚBLICA;;;
;;;;;Educação Alimentar e Nutricional - Jogos, brincadeiras e culinária;;;
;;;;;O Ensino de Ciências e a Formação do Aluno Pesquisador;;;
;;;;;Recicla periferia;;;
;;;3º Horário;SESSÃO 232;alfabetização acelerada;;;
;;;;;Brincando com poemas e poesias na escola;;;
;;;;;Casa Cultural;;;
;;;;;O PROCESSO DE ENSINO-APRENDIZAGEM DA PRODUÇÃO TEXTUAL NO 5º ANO DO ENSINO FUNDAMENTAL;;;
Bloco B |;2º andar |;Sala 207;1º Horário;SESSÃO 020;ESTIMATIVA DO GANHO PEDAGÓGICO DO PROJETO HORTA EDUCATIVA SEE/FUSSESP;;;
;;;;;Estudo do café;;;
;;;;;Frutas Divertidas;;;
;;;;;Lancheira Sem Descartáveis;;;
;;;2º Horário;SESSÃO 118;A Tecnologia em Favor da Educação;;;
;;;;;Didática da Matemática no contexto escolar;;;
;;;;;ensino de história;;;
;;;;;RELATO DE EXPERIÊNCIAS SOBRE AS PRÁTICAS PEDAGÓGICAS NO ESTÁGIO SUPERVISIONADO DO CURSO DE PEDAGOGIA;;;
;;;3º Horário;SESSÃO 216;A VIDA DOS INSETOS;;;
;;;;;Conhecendo e explorando as rochas;;;
;;;;;Fábrica de Brinquedos;;;
;;;;;Pequenos Cientistas;;;
Bloco B |;2º andar |;Sala 208;1º Horário;SESSÃO 021;Be nice to the worms - Nossa composteira em inglês;;;
;;;;;Let’s Make a Compost!;;;
;;;;;O sucesso de aula aula híbrida no modelo de rotação por estações;;;
;;;;;Scaffolding language through social interaction to promote Content and Language Integrated Learning;;;
;;;2º Horário;SESSÃO 119;Educação Socioemocional e seus resultados;;;
;;;;;"Projeto "" Por onde Praças?""";;;
;;;;;Proposta de adaptação curricular - Desenvolvimento de Habilidades e competências;;;
;;;3º Horário;SESSÃO 217;Caixas da Natureza;;;
;;;;;ECOPEDAGOGIA E A EDUCAÇÃO INFANTIL: A CRIANÇA PEQUENA ALFABETIZADA ECOLOGICAMENTE;;;
;;;;;SAVE THE BEES;;;
;;;;;Uma coisa vira outra;;;
Bloco B |;2º andar |;Sala 209;1º Horário;SESSÃO 082;Literalizando;;;
;;;;;Práticas teatrais e aula de literatura;;;
;;;;;The Naked Eye Gallery: desvendando os mistérios do renascimento;;;
;;;2º Horário;SESSÃO 120;“O Pequeno Príncipe”: da produção de textos a conhecimentos de Ciências, uma riqueza transversal;;;
;;;;;Em busca de um mundo melhor!;;;
;;;;;Escola em versos;;;
;;;;;O desenvolvimento e a valorização das diferentes linguagens.;;;
;;;3º Horário;SESSÃO 218;Ciclo da Vida;;;
;;;;;Do ovo à galinha;;;
;;;;;Sala de aula invertida- Grupos de Seres Vivos.;;;
;;;;;Vem Passarinhar;;;
Bloco B |;2º andar |;Sala 210;1º Horário;SESSÃO 023;Alunos Empreendedores - Shark Tank Brasil;;;
;;;;;Empreendedorismo, reciclagem e arte;;;
;;;;;Empreendendo e Aprendendo;;;
;;;;;Felicidade docente, aprendizagem discente. (Decente!) - O poder da positividade na escola.;;;
;;;2º Horário;SESSÃO 121;Banca do Rena;;;
;;;;;MOTIVAR OS ALUNOS PARA A PARTICIPAÇÃO - interação;;;
;;;;;Ouvir e sentir: a música pelo olhar de uma criança;;;
;;;;;Rodízio, estudo e aprendizagem;;;
;;;3º Horário;SESSÃO 219;Letramento Digital- O uso do Sway em sala de aula;;;
;;;;;Práticas tecnológicas no dia a dia dos alunos;;;
;;;;;Rotações por estações- O corpo Humano;;;
Bloco B |;3º andar |;Lab. Informática 308;1º Horário;SESSÃO 071;ENSINO PROFISSIONALIZANTE NA ESCOLA DO CAMPO: LIÇÕES DE UMA EXPERIÊNCIA NO ENSINO FUNDAMENTAL DA PAR;;;
;;;;;Gestão Ambiental e Marketing:visita técnica unindo a teoria e a prática para a formação profissional;;;
;;;;;Projeto de Estudo do Meio: Modernização e Progresso na Cidade de São Paulo;;;
;;;;;SAÍDA DE CAMPO COMO PROJETO INTERDISCIPLINAR PARA ESTUDO DE CASO;;;
;;;2º Horário;SESSÃO 154;“Respeite a minha história” - Autobiografias de alunos do 7º ano;;;
;;;;;Arte Rupestre: conhecendo um grupo ágrafo;;;
;;;;;Multiletramentos e a construção de repertório cultural de alunos surdos;;;
;;;;;O cinema: Stop Motion;;;
;;;3º Horário;SESSÃO 279;Inteligência Financeira para Jovens Aprendizes;;;
;;;;;Jogando com Binômio de Newton e triângulo de Pascal;;;
;;;;;Matemática Multiplayer;;;
Bloco B |;3º andar |;Lab. TE 307;1º Horário;SESSÃO 077;ENSINO POR PROJETOS: APRENDIZAGEM SIGNIFICATIVA PELO EMPREGO DA LINGUAGEM DO CINEMA;;;
;;;;;Língua, História e Direitos Humanos no ensino de Espanhol como Língua Estrangeira;;;
;;;;;Meet the Emotions;;;
;;;2º Horário;SESSÃO 174;A Base Nacional Comum Curricular e a construção do Currículo de Ciências no Município de São Vicente;;;
;;;;;A interferência da Física e da Tecnologia educacional no espaço da escola.;;;
;;;;;Trabalho de conclusão de curso do informática nível médio;;;
;;;3º Horário;SESSÃO 226;BRINCAR – UM OLHAR QUE FAZ DIFERENÇA;;;
;;;;;Contribuições/Suporte/Relevância da Educação Física no processo de crianças em fase de alfabetização;;;
;;;;;Educação pelo Lazer: Uma nova Visão de Competições Escolares através da Cultura Corporal de Moviment;;;
Bloco B |;3º andar |;Sala 302;1º Horário;SESSÃO 024;Abrindo as portas à participação das famílias na vida escolar;;;
;;;;;Conviver Melhor;;;
;;;;;Horário livre ou desenvolvimento pleno do educando?;;;
;;;;;Momento cívico: Projeto Sou Mais Brasil;;;
;;;2º Horário;SESSÃO 122;Autonomia e Identidade;;;
;;;;;Depende de Nós;;;
;;;;;PROJETO BRINCAR NO ENSINO FUNDAMENTAL I: ESTRATÉGIA DE DESENVOLVIMENTO E REDUÇÃO DA AGRESSIVIDADE.;;;
;;;;;Tudo que é bom acaba em pizza: desenvolvimento e aplicação da cultura maker na escola;;;
;;;3º Horário;SESSÃO 220;A importância da leitura para a produção de texto;;;
;;;;;Como utilizar jogos teatrais na sala de aula;;;
;;;;;Extra, Extra, Notícias;;;
;;;;;O uso das tecnologias como ferramenta facilitadora do desenvolvimento da sequência didática.;;;
Bloco B |;3º andar |;Sala 303;1º Horário;SESSÃO 025;“Como ajudar seu aluno a organizar melhor sua vida buscando maior produtividade escolar”;;;
;;;;;Cadê o mangue que estava aqui? - buscando conhecimento através da interdisciplinaridade.;;;
;;;;;Integração entre o Ensino de Ciências da Natureza e as novas tecnologias, através da investigação de;;;
;;;;;Maurício de Souza No Mundo da Reciclagem;;;
;;;2º Horário;SESSÃO 123;Nossos Valores – A caminho de uma identidade;;;
;;;;;"Projeto ""Com Vivência""";;;
;;;;;Projetos de intervalo - Do frenesi a calmaria;;;
;;;;;Viagem ao Sistema Solar;;;
;;;3º Horário;SESSÃO 221;“Turbulência na adolescência”;;;
;;;;;Aprendizagem Criativa - Labirinto do ratinho;;;
;;;;;Sala projeto: novas formas de aprender.;;;
;;;;;Uma jogada de mestre – Aprender para empreender;;;
Bloco B |;3º andar |;Sala 304;1º Horário;SESSÃO 058;Carrinho de Rolimã: Cultura Maker e Espaço Público;;;
;;;;;Cases de Minecraft Education na Sala de aula;;;
;;;;;Oficina de bicicleta;;;
;;;;;Uso de arduino em PBL;;;
;;;2º Horário;SESSÃO 167;As histórias em quadrinho como ferramenta de aprendizado em aula;;;
;;;;;GESTÃO DE PESSOAS: A ESCOLA COMO LABORATÓRIO;;;
;;;;;O Moodlebox como Ferramenta no Proc. de Ensino e Aprendizagem Ativa de Prog Web: Estudo Exploratório;;;
;;;3º Horário;SESSÃO 222;Construindo narrativas - uma experiência com o Teatro de Formas Animadas;;;
;;;;;Minha história: a construção da identidade de alunos ribeirinhos;;;
;;;;;Prática Bilíngue no ensino fundamental I: álbum de figurinha;;;
;;;;;Sensibilidade no Olhar;;;
Bloco B |;3º andar |;Sala 305;1º Horário;SESSÃO 089;Ensino de biologia com temas sociocientíficos;;;
;;;;;Projeto EJA Cidadã- Plantas Medicinais;;;
;;;;;Proposta de uma sequência de ensino por investigação para o engajamento dos estudantes na argumentaç;;;
;;;2º Horário;SESSÃO 187;Melhores práticas em educação empreendedora;;;
;;;;;O uso da metodologia ativa TBL no engajamento de estudantes do curso de Odontologia;;;
;;;;;Um panorama da motivação dos alunos em escolas de Educação de Jovens e Adultos do município de Itanh;;;
;;;;;Uso de Mídias como ferramenta na execução de um Projeto Integrador;;;
;;;3º Horário;SESSÃO 223;Aceita o Desafio?;;;
;;;;;ESTRATÉGIAS PARA ELABORAÇÃO DE MATERIAL DIDÁTICO PARA O ENSINO DE HISTÓRIA;;;
;;;;;Inovação na educação;;;
;;;;;O trabalho em pequenos grupos;;;
Bloco B |;4º andar |;Sala Co-Laboração;1º Horário;SESSÃO 042;Desafios Matemáticos de Pilar;;;
;;;;;LÓGICA SUSTENTÁVEL;;;
;;;;;Matemática Solidária;;;
;;;;;Vendinha das boas atitudes;;;
;;;2º Horário;SESSÃO 136;A importância da intencionalidade na solicitação da Lição de Casa;;;
;;;;;É a minha vez de falar- Assembleia de Classe;;;
;;;;;REFORÇO ESCOLAR: uma parceria entre Universidade e Escola Pública;;;
;;;3º Horário;SESSÃO 270;A contribuição da cultura maker para a articulação entre teoria e prática para uma aprendizagem significativa – case do curso técnico de hospedagem do Colégio FECAP;;;
;;;;;Aprendizagem Significativa com projetos em ETEC;;;
;;;;;O Drone no Transporte Internacional de Cargas;;;
Bloco B |;5º andar |;Estúdio Audiovisual;1º Horário;SESSÃO 050;Cérebro - 70 (às vezes você não consegue);;;
;;;;;Como viveríamos fora da Terra?;;;
;;;;;Dinâmica das Populações;;;
;;;;;O mundo ameaçado dos Recifes de corais;;;
;;;2º Horário;SESSÃO 148;A criação de jogos como estratégia de sistematização e divulgação dos resultados de pesquisa;;;
;;;;;COMO PODEMOS PLANEJAR UMA VIAGEM INTERNACIONAL E RESOLVER OS IMPREVISTOS DURANTE ESTA VIAGEM?;;;
;;;;;Projeto das Nações: fortalecendo o protagonismo dos alunos;;;
;;;;;Sequências didáticas fundamentas na BNCC e em metodologias ativas;;;
;;;3º Horário;SESSÃO 246;Ciências e pesquisa de Campo das Bacterias;;;
;;;;;Detetive Fungi;;;
;;;;;Projeto SUSTENTABILIDADE em laboratório maker;;;
;;;;;Projeto Voluntariando-C - Desenvolvimento de Aplicativo para prevenção às hepatites;;;
Bloco B |;5º andar |;Sala 501;1º Horário;SESSÃO 064;O uso da Aprendizagem Baseada em Problemas (PBL) em um Projeto de Multiletramentos;;;
;;;;;Slam da Adolescência (Vozes por uma cultura de paz).;;;
;;;;;Trabalho em grupo: conciliando construção de habilidades e aprendizagem conceitual;;;
;;;2º Horário;SESSÃO 125;BRINCADEIRAS PARA TODA A VIDA (TAMPINHAS DE GARRAFA PET);;;
;;;;;Criação de jogos: imaginação, prática e ciência;;;
;;;;;Lateralidade e Aprendizagem;;;
;;;;;Relaxamento;;;
;;;3º Horário;SESSÃO 236;Alfabetização e escrita- uma experiência de brincar com as palavras;;;
;;;;;Diário de Projeto - Caminhos para uma Alfabetização de sentido;;;
;;;;;Escola e Família: Aprendizagem além da sala de aula - OFICINA DE ALFABETIZAÇÃO PARA PAIS;;;
;;;;;Tapete da leitura;;;
Bloco B |;5º andar |;Sala 502;1º Horário;SESSÃO 040;“Conexão”: a tecnologia em favor do respeito à diversidade social.;;;
;;;;;A importância dos jogos nas aulas de matemática;;;
;;;;;Alunos, protagonistas dessa história.;;;
;;;;;Sistema Solar e Mitologia na Linguagem de Programação Scratch;;;
;;;2º Horário;SESSÃO 179;Alunos que mudam o mundo pela leitura;;;
;;;;;Atualidades e Redação: habilidades e competências para a redação do Enem;;;
;;;;;Correção redacional coletiva: percebendo os equívocos textuais.;;;
;;;;;Metodologias ativas para promover a aprendizagem significativa da intertextualidade no EM;;;
;;;3º Horário;SESSÃO 235;A festa dos inesquecíveis 100 livros;;;
;;;;;Borbo...lendo...vivendo...aprendendo...;;;
;;;;;Gêneros do discurso: possibilidades de articulação entre os eixos da Língua Portuguesa;;;
;;;;;PROJETO DE LEITURA E ESCRITA: Bichonário: Animais fantásticos, fantásticos animais;;;
Bloco B |;5º andar |;Sala 503;1º Horário;SESSÃO 061;A narrativa de enigma como instrumento motivador na formação leitores-autores.;;;
;;;;;Histórias, nossas histórias...;;;
;;;;;Metacognição no processo de escrita de Contos Fantásticos;;;
;;;;;Os causos: uma viagem pelas variantes linguísticas do Brasil;;;
;;;2º Horário;SESSÃO 156;“Luz, câmera e nossos alunos em ação: os protagonistas são eles.”;;;
;;;;;AUTOCONHECIMENTO NAS AULAS DE LÍNGUA PORTUGUESA;;;
;;;;;NOSSOS NÓS - COMUNICAÇÃO NÃO VIOLENTA;;;
;;;3º Horário;SESSÃO 229;ATIVIDADES E FERRAMENTAS TECNOLÓGICAS QUE CONTRIBUEM NO PROCESSO DE APRENDIZAGEM;;;
;;;;;No mundo dos jogos;;;
;;;;;Que protagonismo é esse que esperamos dos estudantes?;;;
Bloco B |;5º andar |;Sala 504;1º Horário;SESSÃO 038;“Constrindo uma cidade Sustentavel”;;;
;;;;;Agentes do Futuro - O Meio Ambiente e a Reciclagem;;;
;;;;;Letrando com Tecnologia;;;
;;;2º Horário;SESSÃO 130;A cultura indígena num passeio pelos gêneros textuais;;;
;;;;;A Turma da Mônica no mundo Minecraft;;;
;;;;;Poesia e Música;;;
;;;;;Projeto: Brasil, faço parte dessa história;;;
;;;3º Horário;SESSÃO 238;Círculos e Estrelas;;;
;;;;;Consciência Numérica no 2° ano;;;
;;;;;Matemática - Jogo da Campainha;;;
;;;;;Rotação por estações - Matemática: Trabalhando as 4 operações.;;;
Bloco B |;5º andar |;Sala 505;1º Horário;SESSÃO 047;Frankenstein e os super seres humanos;;;
;;;;;Gincana Interdisciplinar entre Ciências e História;;;
;;;;;Linha do Tempo das Ciências.;;;
;;;;;O Dia de Darwin: uma introdução ao darwinismo no ensino fundamental.;;;
;;;2º Horário;SESSÃO 152;Color Zones - Metodologia de Ensino Híbrido e Gamificação;;;
;;;;;O celular como recurso pedagógico: Documentário “Ações do Grêmio na escola/Comunidade”;;;
;;;;;Taxonomia do Reino Plantae - Integração entre sala de aula e ambientes virtuais;;;
;;;3º Horário;SESSÃO 239;A COMUNICAÇÃO ENTRE ALUNOS EM AULAS COM RESOLUÇÃO DE PROBLEMAS E INVESTIGAÇÃO MATEMÁTICA NO 5º ANO;;;
;;;;;A IMPORTÂNCIA DO CONHECIMENTO ESPECIALIZADO DO PROFESSOR FRENTE AOS RELATOS DAS CRIANÇAS;;;
;;;;;Ábaco Divertido;;;
;;;;;Caixa de Jogos Viajante;;;
Bloco B |;5º andar |;Sala 506;1º Horário;SESSÃO 044;“Garage Band: uma possibilidade em aulas de música na Educação Fundamental ll”;;;
;;;;;Dinâmicas Musicais;;;
;;;;;O ritmo da matemática;;;
;;;;;Vulcanismo: Ciências, Inglês e Música no contexto multidisciplinar.;;;
;;;2º Horário;SESSÃO 172;Canciones protesta em infografias;;;
;;;;;Debate: trabajando argumentos;;;
;;;;;Divulgação científica e bilinguismo: uma proposta de letramentos e ampliação cultural;;;
;;;;;Do dicionário online ao WhatsApp: Os Apps no ensino- aprendizagem de língua estrangeira;;;
;;;3º Horário;SESSÃO 267;Exercícios físicos e qualidade de vida;;;
;;;;;Gestão de suprimentos verde no ambiente escolar: agir certo por consciência e responsabilidade;;;
;;;;;Horta na Escola: um espaço pedagógico para a Educação Ambiental;;;
;;;;;Produção sustentável: problema ou solução?;;;
Bloco B |;5º andar |;Sala 507;1º Horário;SESSÃO 045;Bioparódias – A música como ferramenta de aprendizagem;;;
;;;;;CANTIGAS NAS ALTURAS;;;
;;;;;O relevo e sua arte contemporânea na geografia.;;;
;;;;;O Renascimento Cultural e suas reinvenções;;;
;;;2º Horário;SESSÃO 165;A lei 10.639 - Experiências Afrô-Atlanticas;;;
;;;;;Experiência/sentido. A importância do retiro no processo teatral.;;;
;;;;;Teatro na Escola;;;
;;;;;Utilização dos Desenhos Animados nas Ações Pedagógicas;;;
;;;3º Horário;SESSÃO 276;Júri Simulado de Literatura;;;
;;;;;Leitura e Criação - Adaptação dos clássicos;;;
;;;;;Livro de Contos;;;
Bloco B |;5º andar |;Sala 510;1º Horário;SESSÃO 046;Agenda 2030: construindo a sustentabilidade.;;;
;;;;;Da escola para a Amazônia, da amazônia para o mundo;;;
;;;;;MODELO DIDÁTICO SUSTENTÁVEL: CÉLULA COMESTÍVEL;;;
;;;;;RESÍDUOS ORGÂNICOS E CONSUMO SUSTENTÁVEL;;;
;;;2º Horário;SESSÃO 144;A construção do conceito de Cidadania com a utilização da ferramenta de produção de vídeos IMovie.;;;
;;;;;Coding: Programando o Futuro;;;
;;;;;JEPP- Empreendedorismo em São Vicente;;;
;;;;;ProjEthos: Educação Cidadã - A Cidade como recurso Pedagógico.;;;
;;;3º Horário;SESSÃO 242;A importância dos textos no processo da Alfabetização;;;
;;;;;Maple Care: plano de formação das equipes de ajuda;;;
;;;;;Uma parceria de sucesso: Professora, Pediatra e Terapeuta;;;
Bloco B |;5º andar |;Sala 511;1º Horário;SESSÃO 037;O carteiro chegou e ... e encantou !!! Contribuições práticas e lúdicas para trabalhar diversos gên;;;
;;;;;Práticas de incentivo à leitura e da escrita espontânea;;;
;;;;;Selando Amizades;;;
;;;2º Horário;SESSÃO 145;A Dança, na justiça curricular;;;
;;;;;AGOSTO INDÍGENA;;;
;;;;;O Jogo e suas Possibilidades na Educação Física;;;
;;;;;O MUNDO DAS COPAS;;;
;;;3º Horário;SESSÃO 243;“O Grito” e suas interfaces dialógicas no campo artístico-pedagógico;;;
;;;;;Brasil Exportador da Arte;;;
;;;;;Retrato Surrealista com Paint 3D;;;
Bloco B |;5º andar |;Sala 512;1º Horário;SESSÃO 048;CSA'S ANATOMY;;;
;;;;;Identidade Vegetal: interagindo Ciência com Arte;;;
;;;;;Produção de livro digital de Ciências - Ensino Fundamental II;;;
;;;;;Projeto Biodiversidade;;;
;;;2º Horário;SESSÃO 163;A aula de biologia usada na identificação de problemas pessoais e as interferências na aprendizagem.;;;
;;;;;A utilização de material reciclável para identificar e reconhecer os processo vitais;;;
;;;;;O PROJETO DE PESQUISA NA EDUCAÇÃO PROFISSIONAL;;;
;;;;;Zoológico virtual como uma proposta de disseminação de conceitos em zoologia;;;
;;;3º Horário;SESSÃO 244;A Arte Rupestre na sala de aula - Produção e composição artística com tintas naturais.;;;
;;;;;Coral das Diferenças;;;
;;;;;Projeto Encantado;;;
;;;;;Roda cantada: canta comigo!;;;
Bloco B |;5º andar |;Sala 513;1º Horário;SESSÃO 049;Estudo do meio - Bioma Manguezal;;;
;;;;;Estudo do Meio - Parque Estadual Carlos Botelho;;;
;;;;;Projeto polar na escola: a influência do homem na teia alimentar marinha;;;
;;;2º Horário;SESSÃO 147;Cartografia: o mundo na ponta do lápis;;;
;;;;;Geografia Qualquer Hora;;;
;;;;;Projeto eleições e democracia;;;
;;;3º Horário;SESSÃO 245;Montanha Russa - Estudo de Física;;;
;;;;;Projeto: Concurso de balsas de garrafas PET;;;
;;;;;Relógios de Sol: Uma abordagem interdisciplinar;;;
;;;;;Rotação por Estações para aprender a calcular o consumo de energia elétrica;;;
Bloco B |;6º andar |;Sala 601;1º Horário;SESSÃO 067;APRENDIZAGEM DA MATEMÁTICA E O PENSAMENTO COMPUTACIONAL: UMA EXPERIÊNCIA NA EDUCAÇÃO BÁSICA;;;
;;;;;Infográficos e Tecnologia;;;
;;;;;Mudanças de estratégias, novos resultados.;;;
;;;2º Horário;SESSÃO 149;A Matéria é a teoria da deriva, mas a aula de geografia acontece lá no quintal da escola;;;
;;;;;Guerra e Diplomacia: As habilidades geopolíticas aplicadas ao estudo da geografia;;;
;;;;;O movimento maker como estratégia para o estudo de temas socioambientais.;;;
;;;;;Reflexões sobre as práticas de estudo do meio: o caso do desastre de MARIANA (MG);;;
;;;3º Horário;SESSÃO 247;Árvore da vida;;;
;;;;;Cienciando nos anos iniciais;;;
;;;;;Orientação de projetos de Iniciação Científica;;;
;;;;;Plataformas didáticas do conhecimento;;;
Bloco B |;6º andar |;Sala 602;1º Horário;SESSÃO 052;Cascas e talos: Conhecer, transformar e nutrir.;;;
;;;;;Consumo, propaganda e felicidade: vivências e reflexões interdisciplinares em Filosofia e Matemática;;;
;;;;;Disciplina Eletiva: Moda e Sustentabilidade;;;
;;;;;EDUCAÇÃO PARA O CONSUMO: A FORMAÇÃO DE CONSUMIDORES CIDADÃOS DENTRO DA ESCOLA;;;
;;;2º Horário;SESSÃO 182;Diversificar para potencializar - formação de grupos de trabalho no Ensino Médio;;;
;;;;;GOOD BEHAVIOR GAME: AVALIAÇÃO E MODULAÇÃO DE COMPORTAMENTO COM ADOLESCENTES;;;
;;;;;Volunter Work;;;
;;;;;Volunturismo na Cidade de São Paulo: um novo rumo para a velha roupa;;;
;;;3º Horário;SESSÃO 248;Conviência em Processo de Grupo: o trabalho de valores e emoções no currículo escolar;;;
;;;;;Projeto de vida;;;
;;;;;Projeto Meditar na Escola;;;
Bloco B |;6º andar |;Sala 603;1º Horário;SESSÃO 053;Empoderamento juvenil - Grêmio Estudantil;;;
;;;;;MUROS;;;
;;;;;Time Capsule;;;
;;;;;TUTORIA;;;
;;;2º Horário;SESSÃO 151;Black Book;;;
;;;;;Memórias particulares: projetos de valorização do passado pessoal;;;
;;;;;Mitos contemporâneos;;;
;;;;;Projeto Singularidades: identidade na diversidade;;;
;;;3º Horário;SESSÃO 249;ESTUDO SOBRE A PRÁTICA DO BULLYING NA ESCOLA;;;
;;;;;Lugar de Mulher é onde ela quiser!;;;
;;;;;Malala, um conto de fadas?;;;
;;;;;Universo da mulher;;;
Bloco B |;6º andar |;Sala 604;1º Horário;SESSÃO 054;Do cafezal ao cafezinho;;;
;;;;;Geojogando - Economia;;;
;;;;;Modelo dominante de desenvolvimento materializada pela arte: diálogos entre Geografia e Foto&Vídeo;;;
;;;;;Uso de aplicativo de realidade aumentada nas aulas de Ciências e Geografia;;;
;;;2º Horário;SESSÃO 141;Aplicação da Metodologia Rotação por estações com uso de tecnologias para dinamização da Química;;;
;;;;;Mendeleev ensina a Tabela Periódica no Séc. XXI;;;
;;;;;SDRUVS- O Jogo da Hereditariedade;;;
;;;3º Horário;SESSÃO 250;A experiência filosófica do olhar como ferramenta na compreensão da realidade.;;;
;;;;;Como Sobrevivi ao 6o Ano: Experiências e Ferramentas em Aprendizagem por Projetos;;;
;;;;;Cultivate a Better World - Lego and Storytelling;;;
;;;;;"ENSINAR A ""APRENDER A APRENDER""";;;
Bloco B |;6º andar |;Sala 605;1º Horário;SESSÃO 055;As Grandes Navegações em perspectiva;;;
;;;;;Do golpe à redemocratização: (re) construindo o conhecimento histórico através de relatos;;;
;;;;;Jogos de Guerra;;;
;;;;;Santos Permanências e Mudanças: produzindo um livro ilustrado;;;
;;;2º Horário;SESSÃO 153;Alemão – Wer fällt Ihnen spontan ein?;;;
;;;;;FALANDO DE BIODIVERSIDADE NA LÍNGUA ESPANHOLA UTILIZANDO O TANGRAM COMO RECURSO NAS ILUSTRAÇÕES.;;;
;;;;;Hospital Girassol;;;
;;;;;Nuestro sitio de viaje y la experiencia de las últimas vacaciones de verano;;;
;;;3º Horário;SESSÃO 251;Mãos Solidárias- trabalho voluntário para alunos do EF2 e EM;;;
;;;;;O mundo como ele é: a questão do brincar;;;
;;;;;Os símbolos que nos (re)vestem;;;
;;;;;"Projeto Interdisciplinar Cênico ""Contextos""";;;
Bloco B |;6º andar |;Sala 606;1º Horário;SESSÃO 096;O Google Classroom como possibilidade metodológica para além da sala de aula;;;
;;;;;Projeto Cidade de Mariana / MG: cocriação de uma cidade virtual com Minecraft;;;
;;;;;STORYTELLING TRHOUGH CRITICAL LEARNING;;;
;;;2º Horário;SESSÃO 176;Criação e Desenvolvimento de Portfólio para Fins Acadêmicos;;;
;;;;;International Project: Pleistocene animals;;;
;;;;;Sistema para medição de poluição atmosférica baseado em drone;;;
;;;;;Sustentabilidade: agir ou assumir as consequências;;;
;;;3º Horário;SESSÃO 252;Hábitos Saudáveis - Mudando Pela Vida;;;
;;;;;Le parkour na escola;;;
;;;;;Projeto Jogos Olímpicos - Conhecendo os Jogos Olímpicos;;;
;;;;;Suplementos alimentares na prática da atividade física. É necessário para os jovens?;;;
Bloco B |;6º andar |;Sala 607;1º Horário;SESSÃO 085;Artes Cênicas, Profissões e Tecnologia - Dublagem - Tradução & Adaptação;;;
;;;;;Projeto Formar em Ação;;;
;;;;;Projeto Pintura na Parede: arte e representação das identidades coletivas dentro das salas de aula.;;;
;;;2º Horário;SESSÃO 155;Chegou a hora, vamos falar!;;;
;;;;;Ferramentas digitais, colaboração e conectividade;;;
;;;;;Iniciação científica no ensino fundamental II;;;
;;;;;Sala de leitura interativa - As multifaces das habilidades em ambiente colaborativo de leitura;;;
;;;3º Horário;SESSÃO 253;A multidão em mim;;;
;;;;;África - síntese dos desafios e contrastes;;;
;;;;;"O USO DA PROPOSTA POR ""ESPAÇOS"" NO ENSINO DA GEOGRAFIA: POPULAÇÃO BRASILEIRA";;;
;;;;;Paisagens de Praia Grande: o uso e a diversidade ambiental da nossa cidade;;;
Bloco B |;6º andar |;Sala 608;1º Horário;SESSÃO 026;“Consolidando” o Processo de Alfabetização com aulas estimulantes, prazerosas e significativas.;;;
;;;;;A Utilização da Psicomotricidade como Instrumento Facilitador do Desenvolvimento Cognitivo.;;;
;;;;;O ambiente lúdico alfabetizador no atendimento educacional especializado (A.E.E.) da sala de recurso;;;
;;;;;O trabalho com grupos diferenciados em contexto bilíngue.;;;
;;;2º Horário;SESSÃO 193;Departamento Acadêmico nas escolas: inspire e mude a vida de professores e coordenadores;;;
;;;;;Gestão da Campanha da Matrícula e Retenção;;;
;;;;;Gestão da Inovação: implementando fluxograma de comunicação organizacional;;;
;;;;;O EXERCÍCIO DO MAGISTÉRIO NO ÂMBITO DO ADMINISTRATIVO ESCOLAR;;;
;;;3º Horário;SESSÃO 231;Alfabetização em um contexto bilingue;;;
;;;;;From the Book to the Screen: como transformar um projeto de leitura em um projeto audiovisual.;;;
;;;;;Using metacognition to prepare primary Young Learners for exams;;;
Bloco B |;6º andar |;Sala 609;1º Horário;SESSÃO 056;(Re)pensando a Avaliação Mensal: autoria e criatividade;;;
;;;;;Ensino Híbrido-rotação por estações;;;
;;;;;Olimpíadas em sala de aula;;;
;;;;;Uso de Games Atuais no Ensino do Conteúdo De Historia;;;
;;;2º Horário;SESSÃO 162;BINGO GEOMÉTRICO;;;
;;;;;Cubo Mágico;;;
;;;;;Semelhança não é mera coincidência;;;
;;;3º Horário;SESSÃO 256;Geração E... Aprendendo a Empreender;;;
;;;;;O uso de jogos para reflexão de Cidadania Digital;;;
;;;;;Os processos de Inovação nos anos finais do Ensino Fundamental;;;
Bloco B |;6º andar |;Sala 610;1º Horário;SESSÃO 060;Como trabalhar a BNCC e a escuta das crianças e potencializar o processo de ensino-aprendizagem.;;;
;;;;;Desenvolvendo hábitos de estudo;;;
;;;;;O Lúdico nas aulas de Inglês: como usar flashcards de diferentes maneiras no ensino/aprendizagem;;;
;;;;;Team Based Learn de forma contextualizada para alunos de ESL (English as Second Language);;;
;;;2º Horário;SESSÃO 146;A utilização de Ferramentas Digitais Para Compreender a Produção do Espaço Geográfico;;;
;;;;;Capital, Vida e Meio Ambiente;;;
;;;;;O acidente em Brumadinho-MG nas aulas de Geografia: produção de maquete e documentário no IMovie;;;
;;;;;Obsolescência Programada: Museu de Geografia;;;
;;;3º Horário;SESSÃO 292;Déficit de atenção – sintomas e soluções de aprendizagem;;;
;;;;;Educar para Doar - formação de futuros doadores de sangue;;;
;;;;;Identidade visual e planejamento de marketing para o projeto Apadrinhamento Afetivo em Leme/SP;;;
;;;;;Youtube como Educação Não-formal, Seus Impactos Sobre Empatia e Formação de Valores Socioemocionais;;;
Bloco B |;6º andar |;Sala 611;1º Horário;SESSÃO 041;“Jornada da Matemática”;;;
;;;;;Agrupamentos: vivência e sistematização;;;
;;;;;LEVAR O “REAL” PARA A SALA DE AULA... É POSSÍVEL?;;;
;;;;;Quebra - Cuca;;;
;;;2º Horário;SESSÃO 111;A relevância dos recursos pedagógicos na metodologia de ensino.;;;
;;;;;Planejar para ler e contar: a importância dessa prática reflexiva;;;
;;;;;SOMOS AMIGOS DO PEITO, INCENTIVO AO ALEITAMENTO MATERNO PARA OS BEBÊS QUE INGRESSAM NO BERÇÁRIO.;;;
;;;;;Tornando o pensamento visível - documentar para criar aprendizagens significativas;;;
;;;3º Horário;SESSÃO 197;“A importância da pesquisa gráfica para o avanço do percurso criador”;;;
;;;;;Africando;;;
;;;;;o que a sombra faz?;;;
;;;;;Pequenos artistas: Ampliando conhecimento artístico na prática.;;;
Bloco B |;6º andar |;Sala 612;1º Horário;SESSÃO 062;Caderno veloz de poemas e desenhos - da teoria à prática;;;
;;;;;CARACTERÍSTICAS PESSOAIS E RENDIMENTO ESCOLAR: COMPARAÇÃO ESTATÍSTICA PARA O AUTOCONHECIMENTO;;;
;;;;;"Quando leio, viajo pelo mundo; quando escrevo, o tenho em minhas mãos.";;;
;;;2º Horário;SESSÃO 158;A produção textual como um momento efetivo de interação social, do pré ao pós-texto;;;
;;;;;Clube de RPG;;;
;;;;;CLUBE DO LIVRO;;;
;;;;;Metodologias ativas que enriquecem e promovem significado em projetos culturais;;;
;;;3º Horário;SESSÃO 258;JM Jornal - o jornal da nossa escola;;;
;;;;;Nós Nas Mídias;;;
;;;;;Revista eletrônica;;;
;;;;;"Roda de leitura ""O livro selvagem""";;;
Bloco B |;6º andar |;Sala 613;1º Horário;SESSÃO 063;Entre o berço da poesia e a tecnologia: 6os e 7os anos como centro da performance poética;;;
;;;;;O poema fora do papel;;;
;;;;;Qual o espaço que a poesia ocupa na escola?;;;
;;;2º Horário;SESSÃO 161;A ciência da matemática: descobertas de Arquimedes & hipóteses de Euler;;;
;;;;;Explorando o Universo Simétrico da Matemática e a aplicação em Mandalas;;;
;;;;;GROWUP: Um Ambiente de Aprendizagem Colaborativo, Fértil e Sustentável;;;
;;;;;LITRO: UM CUBO PARA MEDIR VOLUME;;;
;;;3º Horário;SESSÃO 259;“Repensando o clássico Odisseia: hipóteses de novas estratégias com o avanço do tempo e tecnologia”;;;
;;;;;A literatura e a produção de texto no Ensino Fundamental II: relatos de propostas metodológicas;;;
;;;;;Leia um livro solte a mente! Deixe outro, me alimente!;;;
;;;;;Tabuleiro e aventura;;;
Bloco C |;1º andar |;Sala 131;1º Horário;SESSÃO 001;A natureza na sala de aula;;;
;;;;;Arte: releitura, linguagem e brincadeiras em sintonia.;;;
;;;;;Histórias encantadas - brincando e imaginando;;;
;;;;;Projeto Fazendo Arte: despertando o artista que existe na criança.;;;
;;;2º Horário;SESSÃO 100;4 elementos, 5 sentidos e as infinitas possibilidades;;;
;;;;;Explorando Elementos da Natureza na Educação Infantil;;;
;;;;;O BRINCAR INUSITADO;;;
;;;;;VIVA AS DIFERENÇAS;;;
;;;3º Horário;SESSÃO 204;A importância da investigação no processo de aprendizagem;;;
;;;;;Documentação Pedagógica e Narrativas de Aprendizagem;;;
;;;;;Iniciação à programação infantil: um percurso lúdico;;;
;;;;;Trabalhando com Projetos na Educação Infantil;;;
Bloco C |;2º andar |;Sala 231;1º Horário;SESSÃO 014;A Thanksgiving Adventure;;;
;;;;;Natureza sob investigação;;;
;;;;;O “Design Thinking” e suas possibilidades de aplicação em salas de aula de Educação Infantil.;;;
;;;;;Surrealism: The imagination Key;;;
;;;2º Horário;SESSÃO 101;A crianças e o acompamento do ciclo de vida dos peixes - uma experiência com áquario em classe;;;
;;;;;Explorando os alimentos - Realizando descobertas pelos sentidos e pelas experiências.;;;
;;;;;Projeto Animais: Pé de macaco, rabo de baleia!;;;
;;;;;Um trabalho com sementes;;;
;;;3º Horário;SESSÃO 287;Aprendizagem entre pares e assembleia de sala de aula: promovendo a empatia nos diversos níveis de e;;;
;;;;;Gestão e organização de sala de aula;;;
;;;;;Para além do pedagógico: o papel do Articulador Relacional.;;;
;;;;;Programa de Orientação de Estudos;;;
Bloco C |;2º andar |;Sala 232;1º Horário;SESSÃO 002;ARTE EM MOVIMENTO;;;
;;;;;Entre as sombras e as luzes: um contraste que diverte e ensina.;;;
;;;;;eu criança e as formas;;;
;;;;;Proposições: Olhar curioso, sutileza e envolvimento das minúcias relevantes para as crianças.;;;
;;;2º Horário;SESSÃO 185;Cine Santa Amália: um projeto interdisciplinar de problematização da realidade;;;
;;;;;Jovens sem Fronteiras - Simulação da ONU;;;
;;;;;Padim Ciço, o santo de muitos;;;
;;;3º Horário;SESSÃO 205;A Importância da exploração na Educação Infantil;;;
;;;;;BRINCAR HEURÍSTICO: EXPLORAÇÃO E APRENDIZAGEM POR MEIO DOS GRANDES TESOUROS.;;;
;;;;;Intersalas na creche é possível!;;;
;;;;;O ESTÍMULO DO CONTROLE INIBITÓRIO EM ALUNOS DE TODDLER NOS MOMENTOS DE BRINCADEIRA LIVRE;;;
Bloco C |;2º andar |;Sala 233;1º Horário;SESSÃO 094;Daltonismo Pedagógico;;;
;;;;;Faça Brilhar;;;
;;;;;Práticas Pedagógicas e suas relações com a formação docente;;;
;;;;;Uma escola integrada: da concepção à prática da sala de aula;;;
;;;2º Horário;SESSÃO 112;Aplicação de práticas Mindfulness para o fortalecimento de competências sócio-emocionais;;;
;;;;;Ensino Bilíngue: grandes desafios, múltiplas aprendizagens.;;;
;;;;;O brincar na Educação Infantil - Transformações do olhar do professor;;;
;;;;;Planejamento contínuo - Como promover a escolha e a empatia durante as atividades.;;;
;;;3º Horário;SESSÃO 294;“Gestão de Qualidade por um melhor Ensino Aprendizagem”;;;
;;;;;Aprendendo através do auxílio de práticas tecnológicas básicas;;;
;;;;;Avaliar o quê, como e por quê?;;;
;;;;;O olhar de uma pesquisadora em escolas inovadoras: indagações e contribuições;;;
Bloco C |;2º andar |;Sala 234;1º Horário;SESSÃO 013;A documentação pedagógica como instrumento para reflexão e planejamento da prática docente;;;
;;;;;As contribuições da afetividade para o trabalho educacional na primeira infância;;;
;;;;;Gestão Democrática tendo o aluno como prioridade;;;
;;;;;"Um convite ao brincar ou ""apenas"" brincando?";;;
;;;2º Horário;SESSÃO 104;“Projeto: Mundo da Imaginação”;;;
;;;;;As palavras sempre existiram? Uma viagem para o tempo dos homens das cavernas .;;;
;;;;;É possível ler e escrever na Educação Infantil?;;;
;;;;;Práticas de leitura na creche, incentivando os futuros leitores.;;;
;;;3º Horário;SESSÃO 198;Hoje é dia de Pirata;;;
;;;;;O que tem no Meu Quintal - O QUE EU VEJO... EU FOTOGRAFO.;;;
;;;;;Os 5 sentidos: “Brincando e Explorando”;;;
;;;;;Projeto Bonecos do Mundo;;;
Bloco C |;3º andar |;Sala 331;1º Horário;SESSÃO 034;A Importância da Leitura Compartilhada no Ensino Fundamental I;;;
;;;;;Eu recomendo;;;
;;;;;Jogos e Língua Portuguesa - Uma combinação perfeita!;;;
;;;;;Jornal Experimentação;;;
;;;2º Horário;SESSÃO 124;Atendimento Educacional Especializado Domiciliar : Ampliando as possibilidades de aprendizagem.;;;
;;;;;Educação Estatística na Educação Infantil: Inclusão por meio de um ambiente de modelagem;;;
;;;;;Estratégias para o desenvolvimento da leitura/escrita em Braille.;;;
;;;;;MÉTODOS DE ALFABETIZAÇÃO DE CRIANÇAS AUTISTAS;;;
;;;3º Horário;SESSÃO 224;Intervenção pedagógica em casos de Transtorno de Déficit de Atenção e Hiperatividade (TDAH);;;
;;;;;Pequenos Construtores;;;
;;;;;Prevenção e remediação das dificuldades de aprendizagem nos anos iniciais escolares;;;
;;;;;Projeto Caixa de Jogos Viajantes: da prática à formação de professores que ensinam Matemática;;;
Bloco C |;3º andar |;Sala 332;1º Horário;SESSÃO 010;“Nosso Livro” - A importância de fazer parte de um grupo social;;;
;;;;;A DESCOBERTA DO BRINCAR NO ATO DE ACOLHER;;;
;;;;;A escola que sempre sonhei - BNCC e práticas na Educação Infantil;;;
;;;;;Adaptação: uma boa acolhida para um melhor adaptar-se;;;
;;;2º Horário;SESSÃO 108;A DOCUMENTAÇÃO PEDAGÓGICA COMO REVELADORA DO PROTAGONISMO INFANTIL;;;
;;;;;A Importância da Musicoterapia no CEI Sinhazinha Meireles;;;
;;;;;ESCOLA PARA TODOS:UM SHOW DE DIVERSIDADE;;;
;;;3º Horário;SESSÃO 200;BRINCAR, PINTAR, DESENHAR E RECICLAR;;;
;;;;;O que tem no meu Quintal - UM MERGULHO NO UNIVERSO DOS AROMAS;;;
;;;;;Somos todos Africa;;;
Bloco C |;3º andar |;Sala 333;1º Horário;SESSÃO 016;A ampliação da oralidade a partir de uma experiência leitora;;;
;;;;;Documentação Pedagógica: Portfólio Coletivo;;;
;;;;;Projeto Lourenço EnCanto – uma experiência com sessões simultâneas de contação de histórias;;;
;;;;;Sarau de poemas Lalau e Laurabeatriz;;;
;;;2º Horário;SESSÃO 114;“Direitos do coração” - Caixa de memórias;;;
;;;;;A importância de manter a essência das histórias dos contos de fadas na Educação Infantil;;;
;;;;;Criando histórias com o recurso da Realidade Aumentada;;;
;;;3º Horário;SESSÃO 240;A problematização de situações do cotidiano no ensino de matemática;;;
;;;;;Desafios Matemáticos com Minecraft;;;
;;;;;Matemática e ARTE: uma aproximação de significados sobre a obra de Mondrian;;;
;;;;;Realidade Aumentada para o ensino de Grandezas e Medidas no Ensino Fundamental I;;;
Bloco C |;3º andar |;Sala 334;1º Horário;SESSÃO 006;A consciência fonêmica (método fônico) na alfabetização de alunos do 1º ano do Ensino Fundamental;;;
;;;;;Alfabetização motora;;;
;;;;;Brincar de Ouvir: Estimulando a Consciência Fonológica desde a Educação Infantil.;;;
;;;;;O LÚDICO E A APRNDIZAGEM;;;
;;;2º Horário;SESSÃO 103;“EU, O OUTRO E O NÓS”;;;
;;;;;BRINCANDO COM MEU CORPO DESCOBRI E CONQUISTEI O MUNDO!;;;
;;;;;Hoje é sexta-feira! Vamos brincar dançar, cantar, criar e ouvir histórias.;;;
;;;;;NARRATIVAS DO CORPO: Brincando com histórias e movimentos;;;
;;;3º Horário;SESSÃO 199;“Quem canta seus males espanta”;;;
;;;;;“Uma viagem musical”;;;
;;;;;Corpo poético: o processo de contar histórias através do corpo aos 3 anos de idade;;;
;;;;;MUSICALIZAÇÃO INFANTIL;;;
Bloco C |;4º andar |;Sala 431;1º Horário;SESSÃO 079;A IMPORTANCIA DO LABORATÓRIO DE ENSINO DA MATEMÁTICA PARA A APRENDIZAGEM COM JOGOS MATEMÁTICOS NO UN;;;
;;;;;Ensino por projetos e desafios como complementação ou alternativa às aulas de laboratório;;;
;;;;;Metodologias Ativas: Mapas Conceituais, Infográficos e Linhas de Tempo.;;;
;;;;;Ponte Hidráulica - Princípio de Pascal;;;
;;;2º Horário;SESSÃO 110;A Arte com a Música é o encanto de Brincar: arte na prática.;;;
;;;;;Corpo, gestos e movimento: bebês e crianças descobrindo o mundo sonoro.;;;
;;;;;Em Roda no Fundamental I.;;;
;;;;;"Projeto ""somos todos semeadores""";;;
;;;3º Horário;SESSÃO 208;CONTRIBUIÇÕES DA EDUCAÇÃO FÍSICA NA EDUCAÇÃO INFANTIL: TOCA DA RAPOSA;;;
;;;;;Dança na escola: Muito além dos primeiros passos;;;
;;;;;Educação Psicomotora e Neurociência;;;
;;;;;Os circuitos de movimento estão a serviço de quê?;;;
Bloco C |;4º andar |;Sala 432;1º Horário;SESSÃO 033;Be a Superhero! Love one another and change the world!;;;
;;;;;Como registrar o avanço da fluência na Língua Inglesa? YouTube Project;;;
;;;;;Jogos, dramatizações, histórias e reflexões: um olhar para a educação socioemocional;;;
;;;;;LOVE ONE ANOTHER AND LET YOUR LIGHT SHINE!;;;
;;;2º Horário;SESSÃO 129;“Contação de Histórias – Integração entre crianças da Educação Infantil e as series iniciais do Ensi;;;
;;;;;Aprendizagem e Desenvolvimento entrelaçando História, Música e Arte;;;
;;;;;DITADO E LEITURA POR ÁUDIO (WATSAPP);;;
;;;;;Nosso diário, nossa história: da escrita à narrativa.;;;
;;;3º Horário;SESSÃO 234;“Para gostar de ler”;;;
;;;;;“Uma viagem na imaginação: sonhar o sonho louco de Dom Quixote”;;;
;;;;;Era uma vez... o clássico agora tem versões!;;;
Bloco C |;4º andar |;Sala 433;1º Horário;SESSÃO 015;A capoeira como ferramenta de alfabetização na Ed. Infantil: movimento, musicalidade e ludicidade;;;
;;;;;ESCUTA, PROTAGONISMO E RESPEITO À INFÂNCIA - O NASCIMENTO E DESENVOLVIMENTO DE UM PROJETO;;;
;;;;;Letramento na Educação Infantil: Aquisição da leitura e escrita no espaço escolar;;;
;;;;;Uma ponte entre o ouvir e o contar;;;
;;;2º Horário;SESSÃO 099;“Projeto Volta ao Mundo: uma viagem pelo universo da Música e da Literatura”;;;
;;;;;O que é transparência ?;;;
;;;;;O que tem no meu Quintal - Brincando com elementos naturais;;;
;;;;;RABISCANDO NO PAPEL, PINTANDO ATÉ O CEU;;;
;;;3º Horário;SESSÃO 285;“Apoio à pessoa Surda e difusão da Libras em âmbito escolar”;;;
;;;;;Alunos público-alvo da Educação Especial viram personagens de Histórias em Quadrinhos;;;
;;;;;As cores por meio da atividade física e lúdica para pessoas com paralisia cerebral;;;
;;;;;O que você enxerga quando não vê? Uma proposta de contação de história sensorial;;;
Bloco C |;5º andar |;Sala 531;1º Horário;SESSÃO 043;Ensino Híbrido - Uso de tecnologias em sala de aula;;;
;;;;;Gestão pedagógica integrando segmentos: como fazer a transição do 5º para o 6º ano?;;;
;;;;;O ambiente da sala de aula como terceiro educador nos anos iniciais do Ensino Fundamental;;;
;;;2º Horário;SESSÃO 128;Aprendendo com Projeto;;;
;;;;;Sequência didática: Contos de Sylvia Orthof;;;
;;;;;Somos todos extraordinários - por um olhar na alfabetização;;;
;;;;;SUSSURROFONE - Auxiliando na alfabetização e letramento;;;
;;;3º Horário;SESSÃO 289;“PROFISSÃO PROFESSOR – VOCÊ ESTÁ PREPARADO PARA A EDUCAÇÃO 4.0?”;;;
;;;;;A formação continuada do formador de adultos professores numa perspectiva personalizada;;;
;;;;;Animação com massinha – a produção textual em contextos significativos.;;;
;;;;;Como garantir a identidade da sua escola através da articulação pedagógica?;;;
Bloco C |;5º andar |;Sala 532;1º Horário;SESSÃO 003;Alimentação Saudável: uma linha tênue entre memoria afetiva e consciência nutricional.;;;
;;;;;De onde vêm os frutos?;;;
;;;;;Projetos, interesses, habilidades e competências na Educação Infantil: O projeto do cocô;;;
;;;;;Virada da Primeira Infância - Nutrição para além da mesa;;;
;;;2º Horário;SESSÃO 127;Ciranda da Leitura é Show;;;
;;;;;Farofa Literária;;;
;;;;;Leitura: Uma Mala Repleta de Conhecimento;;;
;;;;;navegando com a arca de noé de vinícius de moraes;;;
;;;3º Horário;SESSÃO 273;A AUTORIDADE DOCENTE E OS NOVOS DESAFIOS METODOLÓGICOS NO ENSINO MÉDIO;;;
;;;;;A gestão da formação de professores com foco na inovação;;;
;;;;;Atitude Empreendedora – Compartilhando uma experiência reveladora do protagonismo juvenil.;;;
;;;;;Utilização da Plataforma Socrative para melhoria da aprendizagem em matemática;;;
Bloco C |;5º andar |;Sala 533;1º Horário;SESSÃO 091;Da aprendizagem criativa à educação maker e STEM na Lourenço Castanho: FI, FII e EM?;;;
;;;;;Formação de Professores em Aprendizagem Criativa e Movimento Maker: Desafios e Possibilidades;;;
;;;;;Formações do L@b Criativo - Um espaço em movimento;;;
;;;;;O blog como ferramenta inspiradora e guardiã de ensino-aprendizagens para educandos e educadores;;;
;;;2º Horário;SESSÃO 126;Conjunções no ensino fundamental I: Como o uso de conectivos pode aperfeiçoar escrita e oralidade;;;
;;;;;Literatura de Cordel;;;
;;;;;O mundo de Ruth Rocha;;;
;;;;;O teatro como facilitador da aprendizagem e da inclusão na escola.;;;
;;;3º Horário;SESSÃO 207;ENVOLVENDO A FAMÍLIA NA APRENIZAGEM DA CRIANÇA;;;
;;;;;O Olhar para o cuidar e o educar com foco na saúde e bem estar: Uma experiência compartilhada;;;
;;;;;Produção Literária Infantil e Identidade;;;
Bloco C |;5º andar |;Sala 534;1º Horário;SESSÃO 009;A aplicabilidade da psicomotricidade na Educação infantil e sua contribuição na formação escolar.;;;
;;;;;Introdução Lúdica de Conceitos Matemáticos;;;
;;;;;Mundo dos Dinossauros;;;
;;;;;Percebendo e sentindo o mundo: as formas geométricas e as cores no dia-a-dia;;;
;;;2º Horário;SESSÃO 135;Brincando com os Números;;;
;;;;;O ensino da matemática através do teatro.;;;
;;;;;SEQUÊNCIA DIDÁTICA: PROBLEMAS DO CAMPO ADITIVO;;;
;;;;;Sistema de numeração: as tabulações como instrumento de trabalho do professor;;;
;;;3º Horário;SESSÃO 206;Carinhoso;;;
;;;;;Cultivando Valores - Um olhar para as competências socioemocionais;;;
;;;;;Cultura Nordestina;;;
;;;;;Projeto Momentos em Família;;;
Bloco C |;6º andar |;Sala 631;1º Horário;SESSÃO 012;adaptação e o vínculo;;;
;;;;;As relações de gênero e a educação de primeira infância brasileira;;;
;;;;;E você, gosta do quê?;;;
;;;;;Tudo sobre mim...;;;
;;;2º Horário;SESSÃO 109;A diversidade brasileira;;;
;;;;;Brinquedos e Brincadeiras;;;
;;;;;Fantásticas Mentes;;;
;;;;;Meninas negras;;;
;;;3º Horário;SESSÃO 241;GRUPOS DE GERÊNCIA – do protagonismo do aluno à consciência da responsabilidade;;;
;;;;;Metodologias Ativas: Transformando o planejamento de aula em Projetos Gamificados;;;
;;;;;O projeto formativo do coordenador pedagógico;;;
;;;;;Tecnologias Digitais para uma aprendizagem significativa;;;
Bloco C |;6º andar |;Sala 632;1º Horário;SESSÃO 004;Cantos diversificados: uma prática educativa...Um percurso de aprendizagem.;;;
;;;;;Exploradores da cidade;;;
;;;;;O Alimento como abordagem pedagógica e cultura de paz;;;
;;;;;Pequeno cidadão: Desenvolvendo o sentimento de pertença através da revitalização do espaço público.;;;
;;;2º Horário;SESSÃO 190;Aprendizagem Criativa;;;
;;;;;Formação de professores e tecnologias digitais: um relato de experiência;;;
;;;;;PARA QUE SERVE O ESTAGIÁRIO? A IMPORTÂNCIA DA FORMAÇÃO NO PROCESSO DE DESENVOLVIMENTO PROFISSIONAL;;;
;;;;;Pauta Formativa uma ferramenta para a formação dos docentes e gestores;;;
;;;3º Horário;SESSÃO 233;A importância da leitura na formação da criança;;;
;;;;;Atividades e jogos pedagógicos no processo de alfabetização.;;;
;;;;;Lendo, Relendo, Contando e Aprendendo;;;
Bloco C |;6º andar |;Sala 633;1º Horário;SESSÃO 022;Álbum de leitura;;;
;;;;;Os Desafios da Intervenção: Propostas e Avanços em cada Fase da Alfabetização;;;
;;;;;Uma sala de aula para todos:diversificando estratégias baseando-se nos diferentes aspectos da inteli;;;
;;;2º Horário;SESSÃO 113;Hora do Conto na Biblioteca: a literatura como atividade permanente na Educação Infantil;;;
;;;;;O PAPEL DA MEDIAÇÃO NA EDUCAÇÃO INFANTIL PARA A FORMAÇÃO DO LEITOR LITERÁRIO;;;
;;;;;"PPP vivo e atuante: ""Projeto magia da leitura""";;;
;;;3º Horário;SESSÃO 230;English as a game;;;
;;;;;Habilidades socioemocionais e o dia a dia escolar;;;
;;;;;Knuffle Bunny Project;;;
;;;;;Word Work no ensino bilíngue;;;
Bloco C |;6º andar |;Sala 634;1º Horário;SESSÃO 008;“Materiais não estruturados : Diversas maneiras de brincar”;;;
;;;;;“Tudo bem com os bebês !” segurança,saúde e bem-estar de bebês no CEI.;;;
;;;;;UM MUNDO DE TEXTURAS E SENSAÇÕES;;;
;;;2º Horário;SESSÃO 107;“Choice Time”: o papel do facilitador e a construção do aprendizado da criança.;;;
;;;;;Conhecendo e estabelecendo laços com a natureza na Educação Infantil;;;
;;;;;Os cantos no processo de adaptação: um olhar para a formação da identidade do grupo;;;
;;;;;Territórios de Aprendizagem - uma prática possível;;;
;;;3º Horário;SESSÃO 203;Desmistificando projeto na primeirissíma infância- A Colcha de Retalhos;;;
;;;;;Meu corpo: Um caminho para aprendizagem;;;
;;;;;Vem mexer aqui! O espaço e as materialidades como promotores de experiências na primeira infância;;;
;;;;;Vivências que transformam;;;
Bloco E |;2º andar |;Sala 250;1º Horário;SESSÃO 084;Feira de Profissões;;;
;;;;;O que Farei? Quem Serei?;;;
;;;;;Projeto de vida, angústias e desafios;;;
;;;;;QUÍMICA NA ENGENHARIA;;;
;;;2º Horário;SESSÃO 150;Brincando através dos tempos: diversões infantis antigas e medievais, na atualidade;;;
;;;;;MPB: um olhar sobre a cultura brasileira;;;
;;;;;Multiculturalismo brasileiro;;;
;;;;;Redescobrindo a Feira com História e Ciências;;;
;;;3º Horário;SESSÃO 280;(Re)construções Identitárias: análise de posicionamentos de gênero e sexualidade em sala de aula;;;
;;;;;Grupo de Apoio ao Estudante: Formação Científica, Pesquisa e Responsabilidade Social;;;
;;;;;LIBRAS;;;
;;;;;mundo da libras;;;
Bloco E |;2º andar |;Sala 251;1º Horário;SESSÃO 057;Admiradores de Adolf Hitler: a permanência da ideologia nazista;;;
;;;;;Diários de Guerra;;;
;;;;;Escape Room - Fugindo para aprender;;;
;;;;;O Holocausto Expresso em Cartas;;;
;;;2º Horário;SESSÃO 183;AcampaTec – Integração, liderança e trabalho em equipe de forma divertida;;;
;;;;;"Eletiva: ""Orgulho de ser professor""";;;
;;;;;Frequência, Rendimento e Evasão. Como alavancar os resultados da escola?;;;
;;;;;Parceiros da Leitura no Santa;;;
;;;3º Horário;SESSÃO 281;Aplicação da Metodologia ativa de PBL (Problem Based Learning) e de tecnologias nas aulas de Química;;;
;;;;;"Projeto ""Fábrica de Perfumes"" - uma proposta interdisciplinar à serviço da aprendizagem em Química";;;
;;;;;Teste da Chama;;;
;;;;;Um sonho mol legal;;;
Bloco E |;2º andar |;Sala 254;1º Horário;SESSÃO 086;A QUÍMICA TRANSFORMANDO RESÍDUO EM ALIMENTO!;;;
;;;;;Metodologias ativas, será?;;;
;;;;;O primeirão vai te explicar;;;
;;;;;Produção de hidrogênio;;;
;;;2º Horário;SESSÃO 191;Decodificação da linguagem não verbal dos alunos - Leitura fria das emoções;;;
;;;;;LITERATURA ANIMADA;;;
;;;;;Movimento Futuro: Qual o seu sonho para transformar o mundo?;;;
;;;;;Projeto: Leitura e Escrita no Ateneu;;;
;;;3º Horário;SESSÃO 275;A Ditadura Militar em 33 Discos;;;
;;;;;O WhatsApp como Ferramenta no Processo de Ensino e Aprendizagem de História: Um Estudo Exploratório;;;
;;;;;Somos todos latino-americanos;;;
;;;;;Um período da história nos versos e na memória do povo;;;
Bloco E |;3º andar |;Sala 350;1º Horário;SESSÃO 028;Arte no Varal;;;
;;;;;EU FALO, EU ME CURO;;;
;;;;;"Projeto "" A empatia transforma o mundo""";;;
;;;;;Valorização à diversidade cultural pelo olhar de alunos de 1º e 5º anos (trabalho inter idades);;;
;;;2º Horário;SESSÃO 143;Desenvolvimento de competências socioemocionais através de debates e simulações;;;
;;;;;Experimentação em Arte. Bullying na Escola: Um problema crônico;;;
;;;;;Prevenção do Suicídio nas Escolas;;;
;;;;;Processos Circulares na Mediação de Conflitos;;;
;;;3º Horário;SESSÃO 283;A persuasão em A arte de ser ex: um enfoque da gramática sistêmico-funcional;;;
;;;;;Leitura do mundo e leitura da palavra: efetivos meios de inclusão social;;;
;;;;;Pedaços de histórias: do EJA para as crianças;;;
;;;;;Recortes da Vida;;;
Bloco E |;3º andar |;Sala 351;1º Horário;SESSÃO 081;“A literatura me faz...” - Gincana Literária;;;
;;;;;Eletiva de jornalismo;;;
;;;;;Incluindo o uso da Língua Portuguesa Formal no cotidiano dos alunos do Ensino Médio;;;
;;;;;Jogos Gramaticais;;;
;;;2º Horário;SESSÃO 177;Abordagem intercultural no ensino de inglês;;;
;;;;;Discutindo questões raciais nos filmes nas aulas de língua inglesa;;;
;;;;;Gifs and Present Perfect Tense;;;
;;;;;Práticas de Linguagem: Língua Inglesa em situações de comunicação - SITCOM;;;
;;;3º Horário;SESSÃO 284;A Elaboração de Projetos Didáticos na EJA a Partir das Escutas de Falas Significativas dos Educandos;;;
;;;;;Chá da diversidade, um espaço para o dialogo;;;
;;;;;O debate nacional sobre o encarceramento precoce da juventude no Brasil;;;
Bloco E |;3º andar |;Sala 354;1º Horário;SESSÃO 027;A importância da cultura negra em sala de aula - Aprendendo a respeitar as diferenças;;;
;;;;;Conhecendo a África com a Literatura, Arte, música e representatividade.;;;
;;;;;Projeto Com Vivência e a inteligência emocional;;;
;;;;;Valorização da cultura Afro-Brasileira;;;
;;;2º Horário;SESSÃO 137;“A linha que virou corpo, que virou vida que se expressa pela Arte”;;;
;;;;;Café com Shakespeare;;;
;;;;;Grupo de Teatro Erra Bonito;;;
;;;;;Muito prazer, sou um adolescente! O teatro como recurso metodológico: subjetividades X relações;;;
;;;3º Horário;SESSÃO 271;Modern art: aprendendo história da arte com jogo de tabuleiro;;;
;;;;;Personalização em aulas de idiomas, ações rápidas e fáceis;;;
;;;;;Produção de vídeos: uma experiência na aula de matemática;;;
;;;;;Técnicas de otimização de processos de desenvolvimento de jogos digitais no ensino técnico;;;
Bloco E |;4º andar |;Centro de Empreendedorismo;1º Horário;SESSÃO 090;A tecnologia assistiva no atendimento educacional especializado;;;
;;;;;Atividades de Vida Autônoma, Social e Laboral no Atendimento Educacional Especializado;;;
;;;;;Diferenças entre inclusão e diversidade um novo sentido para o diverso;;;
;;;2º Horário;SESSÃO 188;Conto e Reconto: Uma escrita de minha autoria. Conhecendo os contos e me tornando um contador;;;
;;;;;Qual é o ponto de partida da alfabetização cartográfica no EJA?;;;
;;;;;REFLEXÕES SOBRE AS PRÁTICAS DE TRABALHO NA EDUCAÇÃO DE JOVENS E ADULTOS;;;
;;;;;Slam Calunga;;;
;;;3º Horário;SESSÃO 286;COLMEIA: polinizando ARTE e CULTURA na escola;;;
;;;;;Estratégias para o engajamento cognitivo dos alunos;;;
;;;;;Planejamento Reverso;;;
;;;;;Representatividade Importa - Identidade/Indivíduo;;;
Bloco E |;5º andar |; Sala 550B;1º Horário;SESSÃO 088;“Uma nova visão da Prática Pedagógica no sistema prisional: Educação e Ressocialização”;;;
;;;;;Educação de Jovens e Adultos com Deficiência: Discutindo o racismo;;;
;;;;;Importância da Previdência Privada;;;
;;;;;SOCIOLOGIA - TOTAVERBUM;;;
;;;2º Horário;SESSÃO 184;Emprego de clips como modelo de reações químicas.;;;
;;;;;Poesia, Arte e Química no Ano Internacional da Tabela Periódica dos Elementos Químicos;;;
;;;;;PREPARAÇÃO DO BIODIESEL PARTINDO DE GORDURA VEGETAL DE FRITURAS DA CANTINA DO COLÉGIO FECAP;;;
;;;;;Reagente de Benedict de baixo custo;;;
;;;3º Horário;SESSÃO 272;Arte e Movimento;;;
;;;;;Como se conta um conto...;;;
;;;;;Mapa de areia;;;
;;;;;Rotação por estações e o estudo das Revoluções Industriais no Ensino Médio;;;
Bloco E |;5º andar |;Sala 551A;1º Horário;SESSÃO 051;CAPOEIRA - Back to black;;;
;;;;;Personalização de ensino: o design de moda e a música contemporânea;;;
;;;;;"Sarau Cultural e Artístico ""Não importa de onde viemos, somos todos iguais""";;;
;;;2º Horário;SESSÃO 192;MOC - Mostra Científica da Escola Técnica Estadual - Etec de Suzano.;;;
;;;;;Mostra Cultural- Trabalho interdisciplinar Coletivo;;;
;;;;;Projeto Expo Liga;;;
;;;;;Seria São Paulo um museu de grandes novidades?;;;
;;;3º Horário;SESSÃO 290;Estratégias Metacognitivas na produção textual: análise de seu impacto na escrita de resenhas;;;
;;;;;Fazeres cotidianos na biblioteca escolar;;;
;;;;;Lendas Urbanas;;;
;;;;;O LIVRO PARA A INFÂNCIA EM UM CONTEXTO DITO NÃO MAIS PARA A INFÂNCIA: UMA PRÁTICA PEDAGÓGICA DE LEIT;;;
Bloco E |;5º andar |;Sala 551B;1º Horário;SESSÃO 095;Educação Ambiental: o que vem sendo feito pelos professores de Ciências, Português e Matemática?;;;
;;;;;Prática docente e Políticas Educacionais no Ensino Superior e os quatro pilares da Educação;;;
;;;;;Projeto Rondon: formação de professores da Educação Básica, uma lição de vida e de cidadania;;;
;;;;;Rodízio de auxiliares: quais os ganhos para os estudantes e familiares?;;;
;;;2º Horário;SESSÃO 139;FEIRA DE CIENCIAS: GRANDES DESCOBERTAS E INVENCOES;;;
;;;;;Implantação da Iniciação Científica Júnior no Colégio Santo Américo;;;
;;;;;modelos atômicos;;;
;;;;;O uso de cenários temático-sensoriais e storytelling como estratégia didática;;;
;;;3º Horário;SESSÃO 291;Cultura da Paz - Capacitação para a Transformação Social;;;
;;;;;Eletiva Primeiros Socorros;;;
;;;;;EXPRESSÕES CRIATIVAS PARA SUSTENTABILIDADE - RESGATE CRIATIVO;;;
;;;;;OLIJUP - Socialização entre alunos com a comunidade;;;
Bloco E |;5º andar |;Sala 552;1º Horário;SESSÃO 097;Afetividade e Conflito na relação Mãe e Filho e desempenho na escrita no Ensino Fundamental;;;
;;;;;EduCAR para ambientar;;;
;;;;;Pedagogia Comunitária, o elo entre Família e Escola.;;;
;;;;;Reunião de pais - como falar com as famílias dos nossos alunos?;;;
;;;2º Horário;SESSÃO 170;Itinerários Formativos: Projetos investigativos em Ciências Humanas e mídias digitais;;;
;;;;;O RAP como voz política na escola;;;
;;;;;Projeto Técnico Interdisciplinar - Curso de Multimidia;;;
;;;3º Horário;SESSÃO 261;“Eu imagino, invento e conto - a contação de histórias a partir do improviso e criatividade.”;;;
;;;;;Explorando paisagens pelo olhar da literatura brasileira;;;
;;;;;Mitologia grega inspirando o desenvolvimento de produção textual;;;
;;;;;"Muitas vezes Lucas: experiências de aula com o livro ""Seis vezes Lucas"" de Lygia Bojunga";;;
Bloco E |;5º andar |;Sala 554;1º Horário;SESSÃO 092;A norma culta da Língua Portuguesa: como ferramentar os educadores para sua aplicação na escola.;;;
;;;;;Estudo do meio como facilitador da aprendizagem;;;
;;;;;Revista digital: uma aprendizagem significativa interáreas;;;
;;;;;Um projeto para todos;;;
;;;2º Horário;SESSÃO 138;Energia consumida é energia perdida? Tecnologia: vilã ou aliada a saúde?;;;
;;;;;Lançamento de Foguetes da Olímpiada Brasileira de Astronomia e Astronáutica;;;
;;;;;O universo na palma da mão;;;
;;;;;Rios Ocultos;;;
;;;3º Horário;SESSÃO 288;De Professora a Facilitadora de Projetos - Relato de uma Eterna Aprendente;;;
;;;;;Resignificando a atuação do estagiário no ambiente escolar;;;
;;;;;Sobre a importância (e a necessidade) de olhar o sujeito: forma e conteúdo da/na sala de aula;;;
;;;;;Todos pela Matemática;;;
Bloco E |;6º andar |;Sala Biblioteca 2;1º Horário;SESSÃO 078;Humanidades e Arte;;;
;;;;;Philosophysics;;;
;;;;;Política e a Arte de Viver Bem na Pólis – Um Relato de Viagem a Brasília;;;
;;;;;Pós- verdade - A filosofia como antídoto contra as fake news.;;;
;;;2º Horário;SESSÃO 195;As danças de roda na educação formal.;;;
;;;;;E EU COM ISSO?;;;
;;;;;Gincana fora da caixa - Estratégia gamificada de engajamento e motivação;;;
;;;;;PEI - Plano Educacional de Intervenções;;;
;;;3º Horário;SESSÃO 293;“O uso da bússola física e digital nas aulas de Geografia e Educação Fisica”;;;
;;;;;Construção do Currículo de Educação Física de Praia Grande-SP diante da BNCC;;;
;;;;;Educação Física Inclusiva;;;
;;;;;Práticas possíveis em uma parceria do Ensino Regular com a Educação Especial.;;;
Bloco E |;6º andar |;Sala Biblioteca 3;1º Horário;SESSÃO 035;Autoria e alegria no mundo da poesia: Poemas Panapanísticos - Uma homenagem ao Paulo Mauá;;;
;;;;;INICIAÇÃO CIENTÍFICA: COMO É FEITO O CHOCOLATE?;;;
;;;;;Projeto Parlendas para Séries Iniciais;;;
;;;;;Reescrita e Produção João e os 10 pés de Feijão;;;
;;;2º Horário;SESSÃO 196;Adote uma Praia;;;
;;;;;Lixo no lixo escola no capricho.;;;
;;;;;Metodologia Lumiar e o Escolanovismo;;;
;;;;;RESÍDUOS SÓLIDOS COMO TEMA GERADOR PARA A EDUCAÇÃO AMBIENTAL;;;
;;;3º Horário;SESSÃO 263;O salário mínimo em foco: análise crítico por meio da educação estatística;;;
;;;;;Pequenos Jovens Grandes Empreendedores;;;
;;;;;Projeto Jovem Empreendedor;;;
;;;;;Realizando Sonhos: Educação Financeira por meio de recursos digitais;;;
Bloco E |;7º andar |;Sala Estudo em Grupo ;1º Horário;SESSÃO 059;Cientistas em Ação;;;
;;;;;POL;;;
;;;;;Premiação César Lattes;;;
;;;2º Horário;SESSÃO 157;Caça ao Tesouro -;;;
;;;;;Ensino Híbrido e Tecnologias Educacionais: por uma aprendizagem ativa e crítico-reflexiva;;;
;;;;;Revisando morfossintaxe por estações;;;
;;;;;Uso de Debates em aulas de Filosofia para o 9º ano;;;
;;;3º Horário;SESSÃO 255;A vida dos faraós no Egito Antigo;;;
;;;;;Álbum de figurinhas: Reconstruindo a vida na Pré-História através de análise iconográfica;;;
;;;;;Mosaico da Brasilidade;;;
;;;;;Oficina de Arqueologia;;;
